Row Labels,Category,Product,Segment
Abbas,Mix,Abbas MA-01,All Season
Abbas,Mix,Abbas MA-02,All Season
Abbas,Mix,Abbas MA-03,All Season
Abbas,Mix,Abbas MA-04,All Season
Abbas,Mix,Abbas MA-05,All Season
Abbas,Mix,Abbas MA-06,All Season
Abbas,Mix,Abbas MA-07,All Season
Abbas,Mix,Abbas MA-08,All Season
Abbas,Mix,Abbas MA-09,All Season
Abbas,Mix,Abbas MA-10,All Season
Abbas,Mix,Abbas MA-11,All Season
Abbas,Mix,Abbas MA-12,All Season
Abbas,Mix,Abbas MA-13,All Season
Abbas,Mix,Abbas MA-14,All Season
Abbas,Mix,Abbas MA-15,All Season
Abbas,Mix,Abbas MA-16,All Season
Abbas,Mix,Abbas MA-17,All Season
Abbas,Mix,Abbas MA-18,All Season
Abbas,Mix,Abbas MA-19,All Season
Abbas,Mix,Abbas MA-20,All Season
Abbas,Mix,Abbas MA-21,All Season
Abbas,Mix,Abbas MA-22,All Season
Abbas,Mix,Abbas MA-23,All Season
Abbas,Mix,Abbas MA-24,All Season
Abbas,Mix,Abbas MA-25,All Season
Abbas,Mix,Abbas MA-26,All Season
Abbas,Mix,Abbas MA-27,All Season
Abbas,Mix,Abbas MA-28,All Season
Abbas,Mix,Abbas MA-29,All Season
Abbas,Mix,Abbas MA-30,All Season
Abbas,Mix,Abbas MA-31,All Season
Abbas,Mix,Abbas MA-32,All Season
Abbas,Mix,Abbas MA-33,All Season
Abbas,Mix,Abbas MA-34,All Season
Abbas,Mix,Abbas MA-35,All Season
Abbas,Mix,Abbas MA-36,All Season
Abbas,Mix,Abbas MA-37,All Season
Abbas,Mix,Abbas MA-38,All Season
Abbas,Mix,Abbas MA-39,All Season
Abbas,Mix,Abbas MA-40,All Season
Abbas,Mix,Abbas MA-41,All Season
Abbas,Mix,Abbas MA-42,All Season
Abbas,Mix,Abbas MA-43,All Season
Abbas,Mix,Abbas MA-44,All Season
Abbas,Mix,Abbas MA-45,All Season
Abbas,Rural,Abbas RP-01,Productivity
Abbas,Rural,Abbas RP-02,Productivity
Abbas,Rural,Abbas RP-03,Productivity
Abbas,Rural,Abbas RP-04,Productivity
Abbas,Rural,Abbas RP-05,Productivity
Abbas,Rural,Abbas RP-06,Productivity
Abbas,Rural,Abbas RP-07,Productivity
Abbas,Rural,Abbas RP-08,Productivity
Abbas,Rural,Abbas RP-09,Productivity
Abbas,Rural,Abbas RP-10,Productivity
Abbas,Rural,Abbas RP-11,Productivity
Abbas,Rural,Abbas RP-12,Productivity
Abbas,Rural,Abbas RP-13,Productivity
Abbas,Rural,Abbas RP-14,Productivity
Abbas,Rural,Abbas RP-15,Productivity
Abbas,Rural,Abbas RP-16,Productivity
Abbas,Rural,Abbas RP-17,Productivity
Abbas,Rural,Abbas RP-18,Productivity
Abbas,Rural,Abbas RP-19,Productivity
Abbas,Rural,Abbas RP-20,Productivity
Abbas,Rural,Abbas RP-21,Productivity
Abbas,Rural,Abbas RP-22,Productivity
Abbas,Rural,Abbas RS-01,Select
Abbas,Rural,Abbas RS-02,Select
Abbas,Rural,Abbas RS-03,Select
Abbas,Rural,Abbas RS-04,Select
Abbas,Rural,Abbas RS-05,Select
Abbas,Rural,Abbas RS-06,Select
Abbas,Urban,Abbas UC-01,Convenience
Abbas,Urban,Abbas UC-02,Convenience
Abbas,Urban,Abbas UC-03,Convenience
Abbas,Urban,Abbas UC-04,Convenience
Abbas,Urban,Abbas UC-05,Convenience
Abbas,Urban,Abbas UC-06,Convenience
Abbas,Urban,Abbas UC-07,Convenience
Abbas,Urban,Abbas UC-08,Convenience
Abbas,Urban,Abbas UE-01,Extreme
Abbas,Urban,Abbas UE-02,Extreme
Abbas,Urban,Abbas UE-03,Extreme
Abbas,Urban,Abbas UE-04,Extreme
Abbas,Urban,Abbas UE-05,Extreme
Abbas,Urban,Abbas UE-06,Extreme
Abbas,Urban,Abbas UE-07,Extreme
Abbas,Urban,Abbas UE-08,Extreme
Abbas,Urban,Abbas UE-09,Extreme
Abbas,Urban,Abbas UE-10,Extreme
Abbas,Urban,Abbas UE-11,Extreme
Abbas,Urban,Abbas UE-12,Extreme
Abbas,Urban,Abbas UE-13,Extreme
Abbas,Urban,Abbas UE-14,Extreme
Abbas,Urban,Abbas UE-15,Extreme
Abbas,Urban,Abbas UE-16,Extreme
Abbas,Urban,Abbas UM-01,Moderation
Abbas,Urban,Abbas UM-02,Moderation
Abbas,Urban,Abbas UM-03,Moderation
Abbas,Urban,Abbas UM-04,Moderation
Abbas,Urban,Abbas UM-05,Moderation
Abbas,Urban,Abbas UM-06,Moderation
Abbas,Urban,Abbas UM-07,Moderation
Abbas,Urban,Abbas UM-08,Moderation
Abbas,Urban,Abbas UM-09,Moderation
Abbas,Urban,Abbas UM-10,Moderation
Abbas,Urban,Abbas UM-11,Moderation
Abbas,Urban,Abbas UM-12,Moderation
Abbas,Urban,Abbas UM-13,Moderation
Abbas,Urban,Abbas UM-14,Moderation
Abbas,Urban,Abbas UM-15,Moderation
Abbas,Urban,Abbas UM-16,Moderation
Abbas,Urban,Abbas UM-17,Moderation
Abbas,Urban,Abbas UM-18,Moderation
Abbas,Urban,Abbas UM-19,Moderation
Abbas,Urban,Abbas UM-20,Moderation
Abbas,Urban,Abbas UM-21,Moderation
Abbas,Urban,Abbas UM-22,Moderation
Abbas,Urban,Abbas UM-23,Moderation
Abbas,Urban,Abbas UM-24,Moderation
Abbas,Urban,Abbas UM-25,Moderation
Abbas,Urban,Abbas UM-26,Moderation
Abbas,Urban,Abbas UM-27,Moderation
Abbas,Urban,Abbas UM-28,Moderation
Abbas,Urban,Abbas UM-29,Moderation
Abbas,Urban,Abbas UM-30,Moderation
Abbas,Urban,Abbas UM-31,Moderation
Abbas,Urban,Abbas UM-32,Moderation
Abbas,Urban,Abbas UM-33,Moderation
Abbas,Urban,Abbas UM-34,Moderation
Abbas,Urban,Abbas UM-35,Moderation
Abbas,Urban,Abbas UM-36,Moderation
Abbas,Urban,Abbas UM-37,Moderation
Abbas,Urban,Abbas UM-38,Moderation
Abbas,Urban,Abbas UM-39,Moderation
Abbas,Urban,Abbas UM-40,Moderation
Abbas,Urban,Abbas UM-41,Moderation
Abbas,Urban,Abbas UM-42,Moderation
Abbas,Urban,Abbas UM-43,Moderation
Abbas,Urban,Abbas UM-44,Moderation
Abbas,Urban,Abbas UM-45,Moderation
Abbas,Urban,Abbas UM-46,Moderation
Abbas,Urban,Abbas UM-47,Moderation
Abbas,Urban,Abbas UM-48,Moderation
Abbas,Urban,Abbas UM-49,Moderation
Abbas,Urban,Abbas UM-50,Moderation
Abbas,Urban,Abbas UM-51,Moderation
Abbas,Urban,Abbas UM-52,Moderation
Abbas,Urban,Abbas UM-53,Moderation
Abbas,Urban,Abbas UM-54,Moderation
Abbas,Urban,Abbas UM-55,Moderation
Abbas,Urban,Abbas UM-56,Moderation
Abbas,Urban,Abbas UR-01,Regular
Abbas,Urban,Abbas UR-02,Regular
Abbas,Urban,Abbas UR-03,Regular
Abbas,Urban,Abbas UR-04,Regular
Abbas,Urban,Abbas UR-05,Regular
Abbas,Urban,Abbas UR-06,Regular
Abbas,Urban,Abbas UR-07,Regular
Abbas,Urban,Abbas UR-08,Regular
Abbas,Urban,Abbas UR-09,Regular
Abbas,Urban,Abbas UR-10,Regular
Abbas,Urban,Abbas UR-11,Regular
Abbas,Urban,Abbas UR-12,Regular
Abbas,Urban,Abbas UR-13,Regular
Abbas,Urban,Abbas UR-14,Regular
Abbas,Urban,Abbas UR-15,Regular
Abbas,Urban,Abbas UR-16,Regular
Abbas,Urban,Abbas UR-17,Regular
Abbas,Urban,Abbas UR-18,Regular
Abbas,Urban,Abbas UR-19,Regular
Abbas,Urban,Abbas UR-20,Regular
Abbas,Urban,Abbas UR-21,Regular
Abbas,Urban,Abbas UR-22,Regular
Abbas,Urban,Abbas UR-23,Regular
Abbas,Urban,Abbas UR-24,Regular
Abbas,Urban,Abbas UR-25,Regular
Abbas,Urban,Abbas UR-26,Regular
Abbas,Urban,Abbas UR-27,Regular
Abbas,Urban,Abbas UR-28,Regular
Abbas,Urban,Abbas UR-29,Regular
Abbas,Urban,Abbas UR-30,Regular
Abbas,Urban,Abbas UR-31,Regular
Abbas,Urban,Abbas UR-32,Regular
Abbas,Urban,Abbas UR-33,Regular
Abbas,Urban,Abbas UR-34,Regular
Abbas,Urban,Abbas UR-35,Regular
Abbas,Urban,Abbas UR-36,Regular
Abbas,Urban,Abbas UR-37,Regular
Abbas,Urban,Abbas UR-38,Regular
Abbas,Urban,Abbas UR-39,Regular
Abbas,Urban,Abbas UR-40,Regular
Abbas,Urban,Abbas UR-41,Regular
Abbas,Urban,Abbas UR-42,Regular
Abbas,Urban,Abbas UR-43,Regular
Abbas,Youth,Abbas YY-01,Youth
Abbas,Youth,Abbas YY-02,Youth
Aliqui,Mix,Aliqui MA-01,All Season
Aliqui,Mix,Aliqui MA-02,All Season
Aliqui,Mix,Aliqui MA-03,All Season
Aliqui,Mix,Aliqui MA-04,All Season
Aliqui,Mix,Aliqui MA-05,All Season
Aliqui,Mix,Aliqui MA-06,All Season
Aliqui,Mix,Aliqui MA-07,All Season
Aliqui,Mix,Aliqui MA-08,All Season
Aliqui,Mix,Aliqui MA-09,All Season
Aliqui,Mix,Aliqui MA-10,All Season
Aliqui,Mix,Aliqui MA-11,All Season
Aliqui,Mix,Aliqui MA-12,All Season
Aliqui,Mix,Aliqui MA-13,All Season
Aliqui,Mix,Aliqui MA-14,All Season
Aliqui,Mix,Aliqui MA-15,All Season
Aliqui,Mix,Aliqui MA-16,All Season
Aliqui,Mix,Aliqui MA-17,All Season
Aliqui,Rural,Aliqui RP-01,Productivity
Aliqui,Rural,Aliqui RP-02,Productivity
Aliqui,Rural,Aliqui RP-03,Productivity
Aliqui,Rural,Aliqui RP-04,Productivity
Aliqui,Rural,Aliqui RP-05,Productivity
Aliqui,Rural,Aliqui RP-06,Productivity
Aliqui,Rural,Aliqui RP-07,Productivity
Aliqui,Rural,Aliqui RP-08,Productivity
Aliqui,Rural,Aliqui RP-09,Productivity
Aliqui,Rural,Aliqui RP-10,Productivity
Aliqui,Rural,Aliqui RP-11,Productivity
Aliqui,Rural,Aliqui RP-12,Productivity
Aliqui,Rural,Aliqui RP-13,Productivity
Aliqui,Rural,Aliqui RP-14,Productivity
Aliqui,Rural,Aliqui RP-15,Productivity
Aliqui,Rural,Aliqui RP-16,Productivity
Aliqui,Rural,Aliqui RP-17,Productivity
Aliqui,Rural,Aliqui RP-18,Productivity
Aliqui,Rural,Aliqui RP-19,Productivity
Aliqui,Rural,Aliqui RP-20,Productivity
Aliqui,Rural,Aliqui RP-21,Productivity
Aliqui,Rural,Aliqui RP-22,Productivity
Aliqui,Rural,Aliqui RP-23,Productivity
Aliqui,Rural,Aliqui RP-24,Productivity
Aliqui,Rural,Aliqui RP-25,Productivity
Aliqui,Rural,Aliqui RP-26,Productivity
Aliqui,Rural,Aliqui RP-27,Productivity
Aliqui,Rural,Aliqui RP-28,Productivity
Aliqui,Rural,Aliqui RP-29,Productivity
Aliqui,Rural,Aliqui RP-30,Productivity
Aliqui,Rural,Aliqui RP-31,Productivity
Aliqui,Rural,Aliqui RP-32,Productivity
Aliqui,Rural,Aliqui RP-33,Productivity
Aliqui,Rural,Aliqui RP-34,Productivity
Aliqui,Rural,Aliqui RP-35,Productivity
Aliqui,Rural,Aliqui RP-36,Productivity
Aliqui,Rural,Aliqui RP-37,Productivity
Aliqui,Rural,Aliqui RP-38,Productivity
Aliqui,Rural,Aliqui RP-39,Productivity
Aliqui,Rural,Aliqui RP-40,Productivity
Aliqui,Rural,Aliqui RP-41,Productivity
Aliqui,Rural,Aliqui RP-42,Productivity
Aliqui,Rural,Aliqui RP-43,Productivity
Aliqui,Rural,Aliqui RP-44,Productivity
Aliqui,Rural,Aliqui RP-45,Productivity
Aliqui,Rural,Aliqui RP-46,Productivity
Aliqui,Rural,Aliqui RP-47,Productivity
Aliqui,Rural,Aliqui RP-48,Productivity
Aliqui,Rural,Aliqui RP-49,Productivity
Aliqui,Rural,Aliqui RP-50,Productivity
Aliqui,Rural,Aliqui RP-51,Productivity
Aliqui,Rural,Aliqui RP-52,Productivity
Aliqui,Rural,Aliqui RP-53,Productivity
Aliqui,Rural,Aliqui RP-54,Productivity
Aliqui,Rural,Aliqui RP-55,Productivity
Aliqui,Rural,Aliqui RP-56,Productivity
Aliqui,Rural,Aliqui RP-57,Productivity
Aliqui,Rural,Aliqui RP-58,Productivity
Aliqui,Rural,Aliqui RP-59,Productivity
Aliqui,Rural,Aliqui RP-60,Productivity
Aliqui,Rural,Aliqui RP-61,Productivity
Aliqui,Rural,Aliqui RP-62,Productivity
Aliqui,Rural,Aliqui RP-63,Productivity
Aliqui,Rural,Aliqui RP-64,Productivity
Aliqui,Rural,Aliqui RS-01,Select
Aliqui,Rural,Aliqui RS-02,Select
Aliqui,Rural,Aliqui RS-03,Select
Aliqui,Rural,Aliqui RS-04,Select
Aliqui,Rural,Aliqui RS-05,Select
Aliqui,Rural,Aliqui RS-06,Select
Aliqui,Rural,Aliqui RS-07,Select
Aliqui,Rural,Aliqui RS-08,Select
Aliqui,Rural,Aliqui RS-09,Select
Aliqui,Rural,Aliqui RS-10,Select
Aliqui,Rural,Aliqui RS-11,Select
Aliqui,Rural,Aliqui RS-12,Select
Aliqui,Rural,Aliqui RS-13,Select
Aliqui,Rural,Aliqui RS-14,Select
Aliqui,Rural,Aliqui RS-15,Select
Aliqui,Rural,Aliqui RS-16,Select
Aliqui,Rural,Aliqui RS-17,Select
Aliqui,Rural,Aliqui RS-18,Select
Aliqui,Urban,Aliqui UC-01,Convenience
Aliqui,Urban,Aliqui UC-02,Convenience
Aliqui,Urban,Aliqui UC-03,Convenience
Aliqui,Urban,Aliqui UC-04,Convenience
Aliqui,Urban,Aliqui UC-05,Convenience
Aliqui,Urban,Aliqui UC-06,Convenience
Aliqui,Urban,Aliqui UC-07,Convenience
Aliqui,Urban,Aliqui UC-08,Convenience
Aliqui,Urban,Aliqui UC-09,Convenience
Aliqui,Urban,Aliqui UC-10,Convenience
Aliqui,Urban,Aliqui UC-11,Convenience
Aliqui,Urban,Aliqui UC-12,Convenience
Aliqui,Urban,Aliqui UC-13,Convenience
Aliqui,Urban,Aliqui UC-14,Convenience
Aliqui,Urban,Aliqui UC-15,Convenience
Aliqui,Urban,Aliqui UC-16,Convenience
Aliqui,Urban,Aliqui UC-17,Convenience
Aliqui,Urban,Aliqui UC-18,Convenience
Aliqui,Urban,Aliqui UC-19,Convenience
Aliqui,Urban,Aliqui UC-20,Convenience
Aliqui,Urban,Aliqui UC-21,Convenience
Aliqui,Urban,Aliqui UC-22,Convenience
Aliqui,Urban,Aliqui UC-23,Convenience
Aliqui,Urban,Aliqui UC-24,Convenience
Aliqui,Urban,Aliqui UC-25,Convenience
Aliqui,Urban,Aliqui UC-26,Convenience
Aliqui,Urban,Aliqui UC-27,Convenience
Aliqui,Urban,Aliqui UC-28,Convenience
Aliqui,Urban,Aliqui UC-29,Convenience
Aliqui,Urban,Aliqui UC-30,Convenience
Aliqui,Urban,Aliqui UC-31,Convenience
Aliqui,Urban,Aliqui UC-32,Convenience
Aliqui,Urban,Aliqui UC-33,Convenience
Aliqui,Urban,Aliqui UC-34,Convenience
Aliqui,Urban,Aliqui UC-35,Convenience
Aliqui,Urban,Aliqui UC-36,Convenience
Aliqui,Urban,Aliqui UC-37,Convenience
Aliqui,Urban,Aliqui UC-38,Convenience
Aliqui,Urban,Aliqui UC-39,Convenience
Aliqui,Urban,Aliqui UE-01,Extreme
Aliqui,Urban,Aliqui UE-02,Extreme
Aliqui,Urban,Aliqui UE-03,Extreme
Aliqui,Urban,Aliqui UE-04,Extreme
Aliqui,Urban,Aliqui UE-05,Extreme
Aliqui,Urban,Aliqui UE-06,Extreme
Aliqui,Urban,Aliqui UE-07,Extreme
Aliqui,Urban,Aliqui UE-08,Extreme
Aliqui,Urban,Aliqui UE-09,Extreme
Aliqui,Urban,Aliqui UE-10,Extreme
Aliqui,Urban,Aliqui UE-11,Extreme
Aliqui,Urban,Aliqui UE-12,Extreme
Aliqui,Urban,Aliqui UE-13,Extreme
Aliqui,Urban,Aliqui UE-14,Extreme
Aliqui,Urban,Aliqui UE-15,Extreme
Aliqui,Urban,Aliqui UE-16,Extreme
Aliqui,Urban,Aliqui UE-17,Extreme
Aliqui,Urban,Aliqui UE-18,Extreme
Aliqui,Urban,Aliqui UE-19,Extreme
Aliqui,Urban,Aliqui UE-20,Extreme
Aliqui,Urban,Aliqui UE-21,Extreme
Aliqui,Urban,Aliqui UE-22,Extreme
Aliqui,Urban,Aliqui UE-23,Extreme
Aliqui,Urban,Aliqui UE-24,Extreme
Aliqui,Urban,Aliqui UE-25,Extreme
Aliqui,Urban,Aliqui UE-26,Extreme
Aliqui,Urban,Aliqui UM-01,Moderation
Aliqui,Urban,Aliqui UM-02,Moderation
Aliqui,Urban,Aliqui UM-03,Moderation
Aliqui,Urban,Aliqui UM-04,Moderation
Aliqui,Urban,Aliqui UM-05,Moderation
Aliqui,Urban,Aliqui UM-06,Moderation
Aliqui,Urban,Aliqui UM-07,Moderation
Aliqui,Urban,Aliqui UM-08,Moderation
Aliqui,Urban,Aliqui UM-09,Moderation
Aliqui,Urban,Aliqui UM-10,Moderation
Aliqui,Urban,Aliqui UM-11,Moderation
Aliqui,Urban,Aliqui UM-12,Moderation
Aliqui,Urban,Aliqui UR-01,Regular
Aliqui,Urban,Aliqui UR-02,Regular
Aliqui,Urban,Aliqui UR-03,Regular
Aliqui,Urban,Aliqui UR-04,Regular
Aliqui,Urban,Aliqui UR-05,Regular
Aliqui,Urban,Aliqui UR-06,Regular
Aliqui,Urban,Aliqui UR-07,Regular
Aliqui,Urban,Aliqui UR-08,Regular
Aliqui,Urban,Aliqui UR-09,Regular
Aliqui,Urban,Aliqui UR-10,Regular
Aliqui,Urban,Aliqui UR-11,Regular
Aliqui,Urban,Aliqui UR-12,Regular
Aliqui,Urban,Aliqui UR-13,Regular
Aliqui,Urban,Aliqui UR-14,Regular
Aliqui,Urban,Aliqui UR-15,Regular
Aliqui,Urban,Aliqui UR-16,Regular
Aliqui,Urban,Aliqui UR-17,Regular
Aliqui,Urban,Aliqui UR-18,Regular
Aliqui,Urban,Aliqui UR-19,Regular
Aliqui,Urban,Aliqui UR-20,Regular
Aliqui,Urban,Aliqui UR-21,Regular
Aliqui,Urban,Aliqui UR-22,Regular
Aliqui,Urban,Aliqui UR-23,Regular
Aliqui,Urban,Aliqui UR-24,Regular
Aliqui,Urban,Aliqui UR-25,Regular
Aliqui,Urban,Aliqui UR-26,Regular
Aliqui,Urban,Aliqui UR-27,Regular
Aliqui,Urban,Aliqui UR-28,Regular
Aliqui,Urban,Aliqui UR-29,Regular
Aliqui,Youth,Aliqui YY-01,Youth
Aliqui,Youth,Aliqui YY-02,Youth
Aliqui,Youth,Aliqui YY-03,Youth
Aliqui,Youth,Aliqui YY-04,Youth
Aliqui,Youth,Aliqui YY-05,Youth
Aliqui,Youth,Aliqui YY-06,Youth
Aliqui,Youth,Aliqui YY-07,Youth
Aliqui,Youth,Aliqui YY-08,Youth
Aliqui,Youth,Aliqui YY-09,Youth
Aliqui,Youth,Aliqui YY-10,Youth
Aliqui,Youth,Aliqui YY-11,Youth
Aliqui,Youth,Aliqui YY-12,Youth
Aliqui,Youth,Aliqui YY-13,Youth
Aliqui,Youth,Aliqui YY-14,Youth
Aliqui,Youth,Aliqui YY-15,Youth
Aliqui,Youth,Aliqui YY-16,Youth
Aliqui,Youth,Aliqui YY-17,Youth
Aliqui,Youth,Aliqui YY-18,Youth
Aliqui,Youth,Aliqui YY-19,Youth
Aliqui,Youth,Aliqui YY-20,Youth
Aliqui,Youth,Aliqui YY-21,Youth
Barba,Urban,Barba UM-01,Moderation
Barba,Urban,Barba UM-02,Moderation
Barba,Urban,Barba UM-03,Moderation
Barba,Urban,Barba UM-04,Moderation
Barba,Urban,Barba UM-05,Moderation
Barba,Urban,Barba UM-06,Moderation
Barba,Urban,Barba UM-07,Moderation
Barba,Urban,Barba UM-08,Moderation
Barba,Urban,Barba UM-09,Moderation
Barba,Urban,Barba UM-10,Moderation
Barba,Urban,Barba UM-11,Moderation
Barba,Urban,Barba UM-12,Moderation
Currus,Mix,Currus MA-01,All Season
Currus,Mix,Currus MA-02,All Season
Currus,Mix,Currus MA-03,All Season
Currus,Mix,Currus MA-04,All Season
Currus,Mix,Currus MA-05,All Season
Currus,Mix,Currus MA-06,All Season
Currus,Mix,Currus MA-07,All Season
Currus,Mix,Currus MA-08,All Season
Currus,Mix,Currus MA-09,All Season
Currus,Mix,Currus MA-10,All Season
Currus,Mix,Currus MA-11,All Season
Currus,Mix,Currus MA-12,All Season
Currus,Mix,Currus MA-13,All Season
Currus,Mix,Currus MA-14,All Season
Currus,Mix,Currus MA-15,All Season
Currus,Mix,Currus MA-16,All Season
Currus,Mix,Currus MA-17,All Season
Currus,Mix,Currus MA-18,All Season
Currus,Rural,Currus RP-01,Productivity
Currus,Rural,Currus RP-02,Productivity
Currus,Rural,Currus RP-03,Productivity
Currus,Rural,Currus RP-04,Productivity
Currus,Rural,Currus RP-05,Productivity
Currus,Rural,Currus RP-06,Productivity
Currus,Rural,Currus RP-07,Productivity
Currus,Rural,Currus RP-08,Productivity
Currus,Rural,Currus RP-09,Productivity
Currus,Rural,Currus RP-10,Productivity
Currus,Rural,Currus RP-11,Productivity
Currus,Rural,Currus RP-12,Productivity
Currus,Rural,Currus RP-13,Productivity
Currus,Rural,Currus RP-14,Productivity
Currus,Rural,Currus RP-15,Productivity
Currus,Rural,Currus RP-16,Productivity
Currus,Rural,Currus RP-17,Productivity
Currus,Rural,Currus RP-18,Productivity
Currus,Rural,Currus RP-19,Productivity
Currus,Rural,Currus RP-20,Productivity
Currus,Rural,Currus RP-21,Productivity
Currus,Rural,Currus RP-22,Productivity
Currus,Rural,Currus RP-23,Productivity
Currus,Rural,Currus RP-24,Productivity
Currus,Rural,Currus RP-25,Productivity
Currus,Rural,Currus RP-26,Productivity
Currus,Rural,Currus RP-27,Productivity
Currus,Rural,Currus RP-28,Productivity
Currus,Rural,Currus RP-29,Productivity
Currus,Rural,Currus RP-30,Productivity
Currus,Rural,Currus RP-31,Productivity
Currus,Rural,Currus RP-32,Productivity
Currus,Rural,Currus RP-33,Productivity
Currus,Rural,Currus RP-34,Productivity
Currus,Rural,Currus RP-35,Productivity
Currus,Rural,Currus RP-36,Productivity
Currus,Rural,Currus RP-37,Productivity
Currus,Rural,Currus RP-38,Productivity
Currus,Rural,Currus RP-39,Productivity
Currus,Rural,Currus RP-40,Productivity
Currus,Rural,Currus RP-41,Productivity
Currus,Rural,Currus RP-42,Productivity
Currus,Rural,Currus RP-43,Productivity
Currus,Rural,Currus RP-44,Productivity
Currus,Rural,Currus RP-45,Productivity
Currus,Rural,Currus RP-46,Productivity
Currus,Rural,Currus RP-47,Productivity
Currus,Rural,Currus RP-48,Productivity
Currus,Rural,Currus RP-49,Productivity
Currus,Rural,Currus RP-50,Productivity
Currus,Rural,Currus RP-51,Productivity
Currus,Rural,Currus RP-52,Productivity
Currus,Rural,Currus RP-53,Productivity
Currus,Rural,Currus RP-54,Productivity
Currus,Rural,Currus RP-55,Productivity
Currus,Rural,Currus RP-56,Productivity
Currus,Rural,Currus RS-01,Select
Currus,Rural,Currus RS-02,Select
Currus,Rural,Currus RS-03,Select
Currus,Rural,Currus RS-04,Select
Currus,Rural,Currus RS-05,Select
Currus,Rural,Currus RS-06,Select
Currus,Rural,Currus RS-07,Select
Currus,Rural,Currus RS-08,Select
Currus,Rural,Currus RS-09,Select
Currus,Rural,Currus RS-10,Select
Currus,Rural,Currus RS-11,Select
Currus,Rural,Currus RS-12,Select
Currus,Urban,Currus UC-01,Convenience
Currus,Urban,Currus UC-02,Convenience
Currus,Urban,Currus UC-03,Convenience
Currus,Urban,Currus UC-04,Convenience
Currus,Urban,Currus UC-05,Convenience
Currus,Urban,Currus UC-06,Convenience
Currus,Urban,Currus UC-07,Convenience
Currus,Urban,Currus UC-08,Convenience
Currus,Urban,Currus UC-09,Convenience
Currus,Urban,Currus UC-10,Convenience
Currus,Urban,Currus UC-11,Convenience
Currus,Urban,Currus UC-12,Convenience
Currus,Urban,Currus UC-13,Convenience
Currus,Urban,Currus UC-14,Convenience
Currus,Urban,Currus UC-15,Convenience
Currus,Urban,Currus UC-16,Convenience
Currus,Urban,Currus UC-17,Convenience
Currus,Urban,Currus UC-18,Convenience
Currus,Urban,Currus UC-19,Convenience
Currus,Urban,Currus UC-20,Convenience
Currus,Urban,Currus UC-21,Convenience
Currus,Urban,Currus UC-22,Convenience
Currus,Urban,Currus UC-23,Convenience
Currus,Urban,Currus UC-24,Convenience
Currus,Urban,Currus UC-25,Convenience
Currus,Urban,Currus UC-26,Convenience
Currus,Urban,Currus UC-27,Convenience
Currus,Urban,Currus UC-28,Convenience
Currus,Urban,Currus UC-29,Convenience
Currus,Urban,Currus UC-30,Convenience
Currus,Urban,Currus UC-31,Convenience
Currus,Urban,Currus UE-01,Extreme
Currus,Urban,Currus UE-02,Extreme
Currus,Urban,Currus UE-03,Extreme
Currus,Urban,Currus UE-04,Extreme
Currus,Urban,Currus UE-05,Extreme
Currus,Urban,Currus UE-06,Extreme
Currus,Urban,Currus UE-07,Extreme
Currus,Urban,Currus UE-08,Extreme
Currus,Urban,Currus UE-09,Extreme
Currus,Urban,Currus UE-10,Extreme
Currus,Urban,Currus UE-11,Extreme
Currus,Urban,Currus UE-12,Extreme
Currus,Urban,Currus UE-13,Extreme
Currus,Urban,Currus UE-14,Extreme
Currus,Urban,Currus UE-15,Extreme
Currus,Urban,Currus UE-16,Extreme
Currus,Urban,Currus UE-17,Extreme
Currus,Urban,Currus UE-18,Extreme
Currus,Urban,Currus UE-19,Extreme
Currus,Urban,Currus UE-20,Extreme
Currus,Urban,Currus UE-21,Extreme
Currus,Urban,Currus UE-22,Extreme
Currus,Urban,Currus UE-23,Extreme
Currus,Urban,Currus UE-24,Extreme
Currus,Urban,Currus UE-25,Extreme
Currus,Urban,Currus UM-01,Moderation
Currus,Urban,Currus UM-02,Moderation
Currus,Urban,Currus UM-03,Moderation
Currus,Urban,Currus UM-04,Moderation
Currus,Urban,Currus UR-01,Regular
Currus,Urban,Currus UR-02,Regular
Currus,Urban,Currus UR-03,Regular
Currus,Urban,Currus UR-04,Regular
Currus,Urban,Currus UR-05,Regular
Currus,Urban,Currus UR-06,Regular
Currus,Urban,Currus UR-07,Regular
Currus,Urban,Currus UR-08,Regular
Currus,Urban,Currus UR-09,Regular
Currus,Urban,Currus UR-10,Regular
Currus,Urban,Currus UR-11,Regular
Currus,Urban,Currus UR-12,Regular
Currus,Urban,Currus UR-13,Regular
Currus,Urban,Currus UR-14,Regular
Currus,Urban,Currus UR-15,Regular
Currus,Urban,Currus UR-16,Regular
Currus,Urban,Currus UR-17,Regular
Currus,Urban,Currus UR-18,Regular
Currus,Urban,Currus UR-19,Regular
Currus,Urban,Currus UR-20,Regular
Currus,Urban,Currus UR-21,Regular
Currus,Urban,Currus UR-22,Regular
Currus,Urban,Currus UR-23,Regular
Currus,Urban,Currus UR-24,Regular
Currus,Urban,Currus UR-25,Regular
Currus,Urban,Currus UR-26,Regular
Currus,Urban,Currus UR-27,Regular
Currus,Urban,Currus UR-28,Regular
Currus,Urban,Currus UR-29,Regular
Currus,Urban,Currus UR-30,Regular
Currus,Urban,Currus UR-31,Regular
Currus,Urban,Currus UR-32,Regular
Currus,Urban,Currus UR-33,Regular
Currus,Urban,Currus UR-34,Regular
Currus,Urban,Currus UR-35,Regular
Currus,Urban,Currus UR-36,Regular
Currus,Urban,Currus UR-37,Regular
Currus,Urban,Currus UR-38,Regular
Currus,Urban,Currus UR-39,Regular
Currus,Urban,Currus UR-40,Regular
Currus,Urban,Currus UR-41,Regular
Currus,Urban,Currus UR-42,Regular
Currus,Urban,Currus UR-43,Regular
Currus,Youth,Currus YY-01,Youth
Currus,Youth,Currus YY-02,Youth
Currus,Youth,Currus YY-03,Youth
Currus,Youth,Currus YY-04,Youth
Currus,Youth,Currus YY-05,Youth
Fama,Mix,Fama MA-01,All Season
Fama,Mix,Fama MA-02,All Season
Fama,Rural,Fama RP-01,Productivity
Fama,Rural,Fama RP-02,Productivity
Fama,Rural,Fama RP-03,Productivity
Fama,Rural,Fama RP-04,Productivity
Fama,Rural,Fama RP-05,Productivity
Fama,Rural,Fama RP-06,Productivity
Fama,Rural,Fama RP-07,Productivity
Fama,Rural,Fama RP-08,Productivity
Fama,Rural,Fama RP-09,Productivity
Fama,Rural,Fama RP-10,Productivity
Fama,Urban,Fama UC-01,Convenience
Fama,Urban,Fama UC-02,Convenience
Fama,Urban,Fama UC-03,Convenience
Fama,Urban,Fama UC-04,Convenience
Fama,Urban,Fama UC-05,Convenience
Fama,Urban,Fama UE-00,Extreme
Fama,Urban,Fama UE-01,Extreme
Fama,Urban,Fama UE-02,Extreme
Fama,Urban,Fama UE-03,Extreme
Fama,Urban,Fama UE-04,Extreme
Fama,Urban,Fama UE-05,Extreme
Fama,Urban,Fama UE-06,Extreme
Fama,Urban,Fama UE-07,Extreme
Fama,Urban,Fama UE-08,Extreme
Fama,Urban,Fama UE-09,Extreme
Fama,Urban,Fama UE-10,Extreme
Fama,Urban,Fama UE-11,Extreme
Fama,Urban,Fama UE-12,Extreme
Fama,Urban,Fama UE-13,Extreme
Fama,Urban,Fama UE-14,Extreme
Fama,Urban,Fama UE-15,Extreme
Fama,Urban,Fama UE-16,Extreme
Fama,Urban,Fama UE-17,Extreme
Fama,Urban,Fama UE-18,Extreme
Fama,Urban,Fama UE-19,Extreme
Fama,Urban,Fama UE-20,Extreme
Fama,Urban,Fama UE-21,Extreme
Fama,Urban,Fama UE-22,Extreme
Fama,Urban,Fama UE-23,Extreme
Fama,Urban,Fama UE-24,Extreme
Fama,Urban,Fama UE-25,Extreme
Fama,Urban,Fama UE-26,Extreme
Fama,Urban,Fama UE-27,Extreme
Fama,Urban,Fama UE-28,Extreme
Fama,Urban,Fama UE-29,Extreme
Fama,Urban,Fama UE-30,Extreme
Fama,Urban,Fama UE-31,Extreme
Fama,Urban,Fama UE-32,Extreme
Fama,Urban,Fama UE-33,Extreme
Fama,Urban,Fama UE-34,Extreme
Fama,Urban,Fama UE-35,Extreme
Fama,Urban,Fama UE-36,Extreme
Fama,Urban,Fama UE-37,Extreme
Fama,Urban,Fama UE-38,Extreme
Fama,Urban,Fama UE-39,Extreme
Fama,Urban,Fama UE-40,Extreme
Fama,Urban,Fama UE-41,Extreme
Fama,Urban,Fama UE-42,Extreme
Fama,Urban,Fama UE-43,Extreme
Fama,Urban,Fama UE-44,Extreme
Fama,Urban,Fama UE-45,Extreme
Fama,Urban,Fama UE-46,Extreme
Fama,Urban,Fama UE-47,Extreme
Fama,Urban,Fama UE-48,Extreme
Fama,Urban,Fama UE-49,Extreme
Fama,Urban,Fama UE-50,Extreme
Fama,Urban,Fama UE-51,Extreme
Fama,Urban,Fama UE-52,Extreme
Fama,Urban,Fama UE-53,Extreme
Fama,Urban,Fama UE-54,Extreme
Fama,Urban,Fama UE-55,Extreme
Fama,Urban,Fama UE-56,Extreme
Fama,Urban,Fama UE-57,Extreme
Fama,Urban,Fama UE-58,Extreme
Fama,Urban,Fama UE-59,Extreme
Fama,Urban,Fama UE-60,Extreme
Fama,Urban,Fama UE-61,Extreme
Fama,Urban,Fama UE-62,Extreme
Fama,Urban,Fama UE-63,Extreme
Fama,Urban,Fama UE-64,Extreme
Fama,Urban,Fama UE-65,Extreme
Fama,Urban,Fama UE-66,Extreme
Fama,Urban,Fama UE-67,Extreme
Fama,Urban,Fama UE-68,Extreme
Fama,Urban,Fama UE-69,Extreme
Fama,Urban,Fama UE-70,Extreme
Fama,Urban,Fama UE-71,Extreme
Fama,Urban,Fama UE-72,Extreme
Fama,Urban,Fama UE-73,Extreme
Fama,Urban,Fama UE-74,Extreme
Fama,Urban,Fama UE-75,Extreme
Fama,Urban,Fama UE-76,Extreme
Fama,Urban,Fama UE-77,Extreme
Fama,Urban,Fama UE-78,Extreme
Fama,Urban,Fama UE-79,Extreme
Fama,Urban,Fama UE-80,Extreme
Fama,Urban,Fama UE-81,Extreme
Fama,Urban,Fama UE-82,Extreme
Fama,Urban,Fama UE-83,Extreme
Fama,Urban,Fama UE-84,Extreme
Fama,Urban,Fama UE-85,Extreme
Fama,Urban,Fama UE-86,Extreme
Fama,Urban,Fama UE-87,Extreme
Fama,Urban,Fama UE-88,Extreme
Fama,Urban,Fama UE-89,Extreme
Fama,Urban,Fama UE-90,Extreme
Fama,Urban,Fama UE-91,Extreme
Fama,Urban,Fama UE-92,Extreme
Fama,Urban,Fama UE-93,Extreme
Fama,Urban,Fama UE-94,Extreme
Fama,Urban,Fama UE-95,Extreme
Fama,Urban,Fama UE-96,Extreme
Fama,Urban,Fama UE-97,Extreme
Fama,Urban,Fama UE-98,Extreme
Fama,Urban,Fama UE-99,Extreme
Fama,Urban,Fama UM-01,Moderation
Fama,Urban,Fama UM-02,Moderation
Fama,Urban,Fama UM-03,Moderation
Fama,Urban,Fama UM-04,Moderation
Fama,Urban,Fama UM-05,Moderation
Fama,Urban,Fama UM-06,Moderation
Fama,Urban,Fama UR-01,Regular
Fama,Urban,Fama UR-02,Regular
Fama,Urban,Fama UR-03,Regular
Fama,Urban,Fama UR-04,Regular
Fama,Urban,Fama UR-05,Regular
Fama,Urban,Fama UR-06,Regular
Fama,Urban,Fama UR-07,Regular
Fama,Urban,Fama UR-08,Regular
Fama,Urban,Fama UR-09,Regular
Fama,Urban,Fama UR-10,Regular
Fama,Urban,Fama UR-11,Regular
Fama,Urban,Fama UR-12,Regular
Fama,Urban,Fama UR-13,Regular
Fama,Urban,Fama UR-14,Regular
Fama,Urban,Fama UR-15,Regular
Fama,Urban,Fama UR-16,Regular
Fama,Urban,Fama UR-17,Regular
Fama,Urban,Fama UR-18,Regular
Fama,Urban,Fama UR-19,Regular
Fama,Urban,Fama UR-20,Regular
Fama,Urban,Fama UR-21,Regular
Fama,Urban,Fama UR-22,Regular
Fama,Urban,Fama UR-23,Regular
Fama,Urban,Fama UR-24,Regular
Fama,Urban,Fama UR-25,Regular
Fama,Urban,Fama UR-26,Regular
Fama,Urban,Fama UR-27,Regular
Fama,Urban,Fama UR-28,Regular
Fama,Urban,Fama UR-29,Regular
Fama,Urban,Fama UR-30,Regular
Fama,Urban,Fama UR-31,Regular
Fama,Urban,Fama UR-32,Regular
Fama,Urban,Fama UR-33,Regular
Fama,Urban,Fama UR-34,Regular
Fama,Urban,Fama UR-35,Regular
Fama,Urban,Fama UR-36,Regular
Fama,Urban,Fama UR-37,Regular
Fama,Urban,Fama UR-38,Regular
Fama,Urban,Fama UR-39,Regular
Fama,Urban,Fama UR-40,Regular
Fama,Urban,Fama UR-41,Regular
Fama,Urban,Fama UR-42,Regular
Fama,Urban,Fama UR-43,Regular
Fama,Urban,Fama UR-44,Regular
Fama,Urban,Fama UR-45,Regular
Fama,Urban,Fama UR-46,Regular
Fama,Urban,Fama UR-47,Regular
Fama,Urban,Fama UR-48,Regular
Fama,Urban,Fama UR-49,Regular
Fama,Urban,Fama UR-50,Regular
Fama,Urban,Fama UR-51,Regular
Leo,Urban,Leo UC-01,Convenience
Leo,Urban,Leo UC-02,Convenience
Leo,Urban,Leo UC-03,Convenience
Leo,Urban,Leo UC-04,Convenience
Leo,Urban,Leo UC-05,Convenience
Leo,Urban,Leo UC-06,Convenience
Leo,Urban,Leo UC-07,Convenience
Leo,Urban,Leo UC-08,Convenience
Leo,Urban,Leo UC-09,Convenience
Leo,Urban,Leo UC-10,Convenience
Leo,Urban,Leo UC-11,Convenience
Leo,Urban,Leo UC-12,Convenience
Leo,Urban,Leo UC-13,Convenience
Leo,Urban,Leo UC-14,Convenience
Leo,Urban,Leo UC-15,Convenience
Leo,Urban,Leo UC-16,Convenience
Leo,Urban,Leo UC-17,Convenience
Leo,Urban,Leo UC-18,Convenience
Leo,Urban,Leo UC-19,Convenience
Leo,Urban,Leo UC-20,Convenience
Leo,Urban,Leo UC-21,Convenience
Leo,Urban,Leo UC-22,Convenience
Leo,Urban,Leo UC-23,Convenience
Leo,Urban,Leo UC-24,Convenience
Leo,Urban,Leo UC-25,Convenience
Leo,Urban,Leo UC-26,Convenience
Leo,Urban,Leo UM-01,Moderation
Leo,Urban,Leo UM-02,Moderation
Leo,Urban,Leo UM-03,Moderation
Leo,Urban,Leo UM-04,Moderation
Leo,Urban,Leo UM-05,Moderation
Leo,Urban,Leo UM-06,Moderation
Leo,Urban,Leo UM-07,Moderation
Leo,Urban,Leo UM-08,Moderation
Leo,Urban,Leo UM-09,Moderation
Leo,Urban,Leo UM-10,Moderation
Leo,Urban,Leo UM-11,Moderation
Leo,Urban,Leo UM-12,Moderation
Leo,Urban,Leo UM-13,Moderation
Leo,Urban,Leo UM-14,Moderation
Leo,Urban,Leo UM-15,Moderation
Leo,Urban,Leo UM-16,Moderation
Leo,Urban,Leo UM-17,Moderation
Leo,Urban,Leo UM-18,Moderation
Leo,Urban,Leo UM-19,Moderation
Natura,Mix,Natura MA-01,All Season
Natura,Mix,Natura MA-02,All Season
Natura,Mix,Natura MA-03,All Season
Natura,Mix,Natura MA-04,All Season
Natura,Mix,Natura MA-05,All Season
Natura,Mix,Natura MA-06,All Season
Natura,Mix,Natura MA-07,All Season
Natura,Mix,Natura MA-08,All Season
Natura,Mix,Natura MA-09,All Season
Natura,Mix,Natura MA-10,All Season
Natura,Mix,Natura MA-11,All Season
Natura,Mix,Natura MA-12,All Season
Natura,Mix,Natura MA-13,All Season
Natura,Mix,Natura MA-14,All Season
Natura,Mix,Natura MA-15,All Season
Natura,Mix,Natura MA-16,All Season
Natura,Mix,Natura MA-17,All Season
Natura,Mix,Natura MA-18,All Season
Natura,Mix,Natura MA-19,All Season
Natura,Rural,Natura RP-01,Productivity
Natura,Rural,Natura RP-02,Productivity
Natura,Rural,Natura RP-03,Productivity
Natura,Rural,Natura RP-04,Productivity
Natura,Rural,Natura RP-05,Productivity
Natura,Rural,Natura RP-06,Productivity
Natura,Rural,Natura RP-07,Productivity
Natura,Rural,Natura RP-08,Productivity
Natura,Rural,Natura RP-09,Productivity
Natura,Rural,Natura RP-10,Productivity
Natura,Rural,Natura RP-11,Productivity
Natura,Rural,Natura RP-12,Productivity
Natura,Rural,Natura RP-13,Productivity
Natura,Rural,Natura RP-14,Productivity
Natura,Rural,Natura RP-15,Productivity
Natura,Rural,Natura RP-16,Productivity
Natura,Rural,Natura RP-17,Productivity
Natura,Rural,Natura RP-18,Productivity
Natura,Rural,Natura RP-19,Productivity
Natura,Rural,Natura RP-20,Productivity
Natura,Rural,Natura RP-21,Productivity
Natura,Rural,Natura RP-22,Productivity
Natura,Rural,Natura RP-23,Productivity
Natura,Rural,Natura RP-24,Productivity
Natura,Rural,Natura RP-25,Productivity
Natura,Rural,Natura RP-26,Productivity
Natura,Rural,Natura RP-27,Productivity
Natura,Rural,Natura RP-28,Productivity
Natura,Rural,Natura RP-29,Productivity
Natura,Rural,Natura RP-30,Productivity
Natura,Rural,Natura RP-31,Productivity
Natura,Rural,Natura RP-32,Productivity
Natura,Rural,Natura RP-33,Productivity
Natura,Rural,Natura RP-34,Productivity
Natura,Rural,Natura RP-35,Productivity
Natura,Rural,Natura RP-36,Productivity
Natura,Rural,Natura RP-37,Productivity
Natura,Rural,Natura RP-38,Productivity
Natura,Rural,Natura RP-39,Productivity
Natura,Rural,Natura RP-40,Productivity
Natura,Rural,Natura RP-41,Productivity
Natura,Rural,Natura RP-42,Productivity
Natura,Rural,Natura RP-43,Productivity
Natura,Rural,Natura RP-44,Productivity
Natura,Rural,Natura RP-45,Productivity
Natura,Rural,Natura RP-46,Productivity
Natura,Rural,Natura RP-47,Productivity
Natura,Rural,Natura RP-48,Productivity
Natura,Rural,Natura RP-49,Productivity
Natura,Rural,Natura RP-50,Productivity
Natura,Rural,Natura RP-51,Productivity
Natura,Rural,Natura RP-52,Productivity
Natura,Rural,Natura RP-53,Productivity
Natura,Rural,Natura RP-54,Productivity
Natura,Rural,Natura RP-55,Productivity
Natura,Rural,Natura RP-56,Productivity
Natura,Rural,Natura RP-57,Productivity
Natura,Rural,Natura RP-58,Productivity
Natura,Rural,Natura RP-59,Productivity
Natura,Rural,Natura RP-60,Productivity
Natura,Rural,Natura RP-61,Productivity
Natura,Rural,Natura RP-62,Productivity
Natura,Rural,Natura RP-63,Productivity
Natura,Rural,Natura RP-64,Productivity
Natura,Rural,Natura RP-65,Productivity
Natura,Rural,Natura RP-66,Productivity
Natura,Rural,Natura RP-67,Productivity
Natura,Rural,Natura RP-68,Productivity
Natura,Rural,Natura RP-69,Productivity
Natura,Rural,Natura RP-70,Productivity
Natura,Rural,Natura RP-71,Productivity
Natura,Rural,Natura RP-72,Productivity
Natura,Rural,Natura RP-73,Productivity
Natura,Rural,Natura RP-74,Productivity
Natura,Rural,Natura RP-75,Productivity
Natura,Rural,Natura RP-76,Productivity
Natura,Rural,Natura RP-77,Productivity
Natura,Rural,Natura RP-78,Productivity
Natura,Rural,Natura RP-79,Productivity
Natura,Rural,Natura RP-80,Productivity
Natura,Rural,Natura RP-81,Productivity
Natura,Rural,Natura RP-82,Productivity
Natura,Rural,Natura RP-83,Productivity
Natura,Rural,Natura RP-84,Productivity
Natura,Rural,Natura RS-01,Select
Natura,Rural,Natura RS-02,Select
Natura,Rural,Natura RS-03,Select
Natura,Rural,Natura RS-04,Select
Natura,Rural,Natura RS-05,Select
Natura,Rural,Natura RS-06,Select
Natura,Rural,Natura RS-07,Select
Natura,Rural,Natura RS-08,Select
Natura,Rural,Natura RS-09,Select
Natura,Rural,Natura RS-10,Select
Natura,Rural,Natura RS-11,Select
Natura,Rural,Natura RS-12,Select
Natura,Rural,Natura RS-13,Select
Natura,Rural,Natura RS-14,Select
Natura,Rural,Natura RS-15,Select
Natura,Rural,Natura RS-16,Select
Natura,Rural,Natura RS-17,Select
Natura,Rural,Natura RS-18,Select
Natura,Rural,Natura RS-19,Select
Natura,Rural,Natura RS-20,Select
Natura,Urban,Natura UC-01,Convenience
Natura,Urban,Natura UC-02,Convenience
Natura,Urban,Natura UC-03,Convenience
Natura,Urban,Natura UC-04,Convenience
Natura,Urban,Natura UC-05,Convenience
Natura,Urban,Natura UC-06,Convenience
Natura,Urban,Natura UC-07,Convenience
Natura,Urban,Natura UC-08,Convenience
Natura,Urban,Natura UC-09,Convenience
Natura,Urban,Natura UC-10,Convenience
Natura,Urban,Natura UC-11,Convenience
Natura,Urban,Natura UC-12,Convenience
Natura,Urban,Natura UC-13,Convenience
Natura,Urban,Natura UC-14,Convenience
Natura,Urban,Natura UC-15,Convenience
Natura,Urban,Natura UC-16,Convenience
Natura,Urban,Natura UC-17,Convenience
Natura,Urban,Natura UC-18,Convenience
Natura,Urban,Natura UC-19,Convenience
Natura,Urban,Natura UC-20,Convenience
Natura,Urban,Natura UC-21,Convenience
Natura,Urban,Natura UC-22,Convenience
Natura,Urban,Natura UC-23,Convenience
Natura,Urban,Natura UC-24,Convenience
Natura,Urban,Natura UC-25,Convenience
Natura,Urban,Natura UC-26,Convenience
Natura,Urban,Natura UC-27,Convenience
Natura,Urban,Natura UC-28,Convenience
Natura,Urban,Natura UC-29,Convenience
Natura,Urban,Natura UC-30,Convenience
Natura,Urban,Natura UC-31,Convenience
Natura,Urban,Natura UC-32,Convenience
Natura,Urban,Natura UC-33,Convenience
Natura,Urban,Natura UC-34,Convenience
Natura,Urban,Natura UC-35,Convenience
Natura,Urban,Natura UC-36,Convenience
Natura,Urban,Natura UC-37,Convenience
Natura,Urban,Natura UC-38,Convenience
Natura,Urban,Natura UC-39,Convenience
Natura,Urban,Natura UC-40,Convenience
Natura,Urban,Natura UC-41,Convenience
Natura,Urban,Natura UC-42,Convenience
Natura,Urban,Natura UC-43,Convenience
Natura,Urban,Natura UC-44,Convenience
Natura,Urban,Natura UC-45,Convenience
Natura,Urban,Natura UC-46,Convenience
Natura,Urban,Natura UC-47,Convenience
Natura,Urban,Natura UC-48,Convenience
Natura,Urban,Natura UC-49,Convenience
Natura,Urban,Natura UC-50,Convenience
Natura,Urban,Natura UC-51,Convenience
Natura,Urban,Natura UC-52,Convenience
Natura,Urban,Natura UC-53,Convenience
Natura,Urban,Natura UC-54,Convenience
Natura,Urban,Natura UC-55,Convenience
Natura,Urban,Natura UC-56,Convenience
Natura,Urban,Natura UC-57,Convenience
Natura,Urban,Natura UC-58,Convenience
Natura,Urban,Natura UC-59,Convenience
Natura,Urban,Natura UC-60,Convenience
Natura,Urban,Natura UC-61,Convenience
Natura,Urban,Natura UC-62,Convenience
Natura,Urban,Natura UE-01,Extreme
Natura,Urban,Natura UE-02,Extreme
Natura,Urban,Natura UE-03,Extreme
Natura,Urban,Natura UE-04,Extreme
Natura,Urban,Natura UE-05,Extreme
Natura,Urban,Natura UE-06,Extreme
Natura,Urban,Natura UE-07,Extreme
Natura,Urban,Natura UE-08,Extreme
Natura,Urban,Natura UE-09,Extreme
Natura,Urban,Natura UE-10,Extreme
Natura,Urban,Natura UE-11,Extreme
Natura,Urban,Natura UE-12,Extreme
Natura,Urban,Natura UE-13,Extreme
Natura,Urban,Natura UE-14,Extreme
Natura,Urban,Natura UE-15,Extreme
Natura,Urban,Natura UE-16,Extreme
Natura,Urban,Natura UE-17,Extreme
Natura,Urban,Natura UE-18,Extreme
Natura,Urban,Natura UE-19,Extreme
Natura,Urban,Natura UE-20,Extreme
Natura,Urban,Natura UE-21,Extreme
Natura,Urban,Natura UE-22,Extreme
Natura,Urban,Natura UE-23,Extreme
Natura,Urban,Natura UE-24,Extreme
Natura,Urban,Natura UE-25,Extreme
Natura,Urban,Natura UE-26,Extreme
Natura,Urban,Natura UE-27,Extreme
Natura,Urban,Natura UE-28,Extreme
Natura,Urban,Natura UE-29,Extreme
Natura,Urban,Natura UE-30,Extreme
Natura,Urban,Natura UE-31,Extreme
Natura,Urban,Natura UE-32,Extreme
Natura,Urban,Natura UE-33,Extreme
Natura,Urban,Natura UE-34,Extreme
Natura,Urban,Natura UE-35,Extreme
Natura,Urban,Natura UE-36,Extreme
Natura,Urban,Natura UE-37,Extreme
Natura,Urban,Natura UE-38,Extreme
Natura,Urban,Natura UE-39,Extreme
Natura,Urban,Natura UE-40,Extreme
Natura,Urban,Natura UE-41,Extreme
Natura,Urban,Natura UE-42,Extreme
Natura,Urban,Natura UE-43,Extreme
Natura,Urban,Natura UE-44,Extreme
Natura,Urban,Natura UE-45,Extreme
Natura,Urban,Natura UE-46,Extreme
Natura,Urban,Natura UM-01,Moderation
Natura,Urban,Natura UM-02,Moderation
Natura,Urban,Natura UM-03,Moderation
Natura,Urban,Natura UM-04,Moderation
Natura,Urban,Natura UM-05,Moderation
Natura,Urban,Natura UM-06,Moderation
Natura,Urban,Natura UM-07,Moderation
Natura,Urban,Natura UM-08,Moderation
Natura,Urban,Natura UM-09,Moderation
Natura,Urban,Natura UM-10,Moderation
Natura,Urban,Natura UM-11,Moderation
Natura,Urban,Natura UM-12,Moderation
Natura,Urban,Natura UM-13,Moderation
Natura,Urban,Natura UM-14,Moderation
Natura,Urban,Natura UM-15,Moderation
Natura,Urban,Natura UM-16,Moderation
Natura,Urban,Natura UM-17,Moderation
Natura,Urban,Natura UM-18,Moderation
Natura,Urban,Natura UM-19,Moderation
Natura,Urban,Natura UM-20,Moderation
Natura,Urban,Natura UM-21,Moderation
Natura,Urban,Natura UM-22,Moderation
Natura,Urban,Natura UM-23,Moderation
Natura,Urban,Natura UM-24,Moderation
Natura,Urban,Natura UM-25,Moderation
Natura,Urban,Natura UM-26,Moderation
Natura,Urban,Natura UM-27,Moderation
Natura,Urban,Natura UM-28,Moderation
Natura,Urban,Natura UM-29,Moderation
Natura,Urban,Natura UM-30,Moderation
Natura,Urban,Natura UM-31,Moderation
Natura,Urban,Natura UM-32,Moderation
Natura,Urban,Natura UM-33,Moderation
Natura,Urban,Natura UM-34,Moderation
Natura,Urban,Natura UM-35,Moderation
Natura,Urban,Natura UM-36,Moderation
Natura,Urban,Natura UM-37,Moderation
Natura,Urban,Natura UM-38,Moderation
Natura,Urban,Natura UR-01,Regular
Natura,Urban,Natura UR-02,Regular
Natura,Urban,Natura UR-03,Regular
Natura,Urban,Natura UR-04,Regular
Natura,Urban,Natura UR-05,Regular
Natura,Urban,Natura UR-06,Regular
Natura,Urban,Natura UR-07,Regular
Natura,Urban,Natura UR-08,Regular
Natura,Urban,Natura UR-09,Regular
Natura,Urban,Natura UR-10,Regular
Natura,Urban,Natura UR-11,Regular
Natura,Urban,Natura UR-12,Regular
Natura,Urban,Natura UR-13,Regular
Natura,Urban,Natura UR-14,Regular
Natura,Urban,Natura UR-15,Regular
Natura,Urban,Natura UR-16,Regular
Natura,Urban,Natura UR-17,Regular
Natura,Urban,Natura UR-18,Regular
Natura,Urban,Natura UR-19,Regular
Natura,Urban,Natura UR-20,Regular
Natura,Urban,Natura UR-21,Regular
Natura,Urban,Natura UR-22,Regular
Natura,Urban,Natura UR-23,Regular
Natura,Urban,Natura UR-24,Regular
Natura,Urban,Natura UR-25,Regular
Natura,Urban,Natura UR-26,Regular
Natura,Urban,Natura UR-27,Regular
Natura,Urban,Natura UR-28,Regular
Natura,Urban,Natura UR-29,Regular
Natura,Urban,Natura UR-30,Regular
Natura,Urban,Natura UR-31,Regular
Natura,Urban,Natura UR-32,Regular
Natura,Urban,Natura UR-33,Regular
Natura,Urban,Natura UR-34,Regular
Natura,Urban,Natura UR-35,Regular
Natura,Urban,Natura UR-36,Regular
Natura,Urban,Natura UR-37,Regular
Natura,Youth,Natura YY-01,Youth
Natura,Youth,Natura YY-02,Youth
Natura,Youth,Natura YY-03,Youth
Natura,Youth,Natura YY-04,Youth
Natura,Youth,Natura YY-05,Youth
Natura,Youth,Natura YY-06,Youth
Natura,Youth,Natura YY-07,Youth
Natura,Youth,Natura YY-08,Youth
Natura,Youth,Natura YY-09,Youth
Natura,Youth,Natura YY-10,Youth
Natura,Youth,Natura YY-11,Youth
Natura,Youth,Natura YY-12,Youth
Natura,Youth,Natura YY-13,Youth
Natura,Youth,Natura YY-14,Youth
Natura,Youth,Natura YY-15,Youth
Natura,Youth,Natura YY-16,Youth
Natura,Youth,Natura YY-17,Youth
Natura,Youth,Natura YY-18,Youth
Natura,Youth,Natura YY-19,Youth
Natura,Youth,Natura YY-20,Youth
Natura,Youth,Natura YY-21,Youth
Natura,Youth,Natura YY-22,Youth
Natura,Youth,Natura YY-23,Youth
Natura,Youth,Natura YY-24,Youth
Natura,Youth,Natura YY-25,Youth
Natura,Youth,Natura YY-26,Youth
Natura,Youth,Natura YY-27,Youth
Palma,Urban,Palma UC-01,Convenience
Palma,Urban,Palma UC-02,Convenience
Palma,Urban,Palma UC-03,Convenience
Palma,Urban,Palma UC-04,Convenience
Palma,Urban,Palma UC-05,Convenience
Palma,Urban,Palma UC-06,Convenience
Palma,Urban,Palma UC-07,Convenience
Palma,Urban,Palma UC-08,Convenience
Palma,Urban,Palma UC-09,Convenience
Palma,Urban,Palma UC-10,Convenience
Palma,Urban,Palma UC-11,Convenience
Palma,Urban,Palma UC-12,Convenience
Palma,Urban,Palma UC-13,Convenience
Palma,Urban,Palma UC-14,Convenience
Palma,Urban,Palma UM-01,Moderation
Palma,Urban,Palma UM-02,Moderation
Pirum,Mix,Pirum MA-01,All Season
Pirum,Mix,Pirum MA-02,All Season
Pirum,Mix,Pirum MA-03,All Season
Pirum,Mix,Pirum MA-04,All Season
Pirum,Mix,Pirum MA-05,All Season
Pirum,Mix,Pirum MA-06,All Season
Pirum,Mix,Pirum MA-07,All Season
Pirum,Mix,Pirum MA-08,All Season
Pirum,Mix,Pirum MA-09,All Season
Pirum,Mix,Pirum MA-10,All Season
Pirum,Mix,Pirum MA-11,All Season
Pirum,Mix,Pirum MA-12,All Season
Pirum,Rural,Pirum RP-01,Productivity
Pirum,Rural,Pirum RP-02,Productivity
Pirum,Rural,Pirum RP-03,Productivity
Pirum,Rural,Pirum RP-04,Productivity
Pirum,Rural,Pirum RP-05,Productivity
Pirum,Rural,Pirum RP-06,Productivity
Pirum,Rural,Pirum RP-07,Productivity
Pirum,Rural,Pirum RP-08,Productivity
Pirum,Rural,Pirum RP-09,Productivity
Pirum,Rural,Pirum RP-10,Productivity
Pirum,Rural,Pirum RP-11,Productivity
Pirum,Rural,Pirum RP-12,Productivity
Pirum,Rural,Pirum RP-13,Productivity
Pirum,Rural,Pirum RP-14,Productivity
Pirum,Rural,Pirum RP-15,Productivity
Pirum,Rural,Pirum RP-16,Productivity
Pirum,Rural,Pirum RP-17,Productivity
Pirum,Rural,Pirum RP-18,Productivity
Pirum,Rural,Pirum RP-19,Productivity
Pirum,Rural,Pirum RP-20,Productivity
Pirum,Rural,Pirum RP-21,Productivity
Pirum,Rural,Pirum RP-22,Productivity
Pirum,Rural,Pirum RP-23,Productivity
Pirum,Rural,Pirum RP-24,Productivity
Pirum,Rural,Pirum RP-25,Productivity
Pirum,Rural,Pirum RP-26,Productivity
Pirum,Rural,Pirum RP-27,Productivity
Pirum,Rural,Pirum RP-28,Productivity
Pirum,Rural,Pirum RP-29,Productivity
Pirum,Rural,Pirum RP-30,Productivity
Pirum,Rural,Pirum RP-31,Productivity
Pirum,Rural,Pirum RP-32,Productivity
Pirum,Rural,Pirum RP-33,Productivity
Pirum,Rural,Pirum RP-34,Productivity
Pirum,Rural,Pirum RP-35,Productivity
Pirum,Rural,Pirum RP-36,Productivity
Pirum,Rural,Pirum RP-37,Productivity
Pirum,Rural,Pirum RP-38,Productivity
Pirum,Rural,Pirum RP-39,Productivity
Pirum,Rural,Pirum RP-40,Productivity
Pirum,Rural,Pirum RP-41,Productivity
Pirum,Rural,Pirum RP-42,Productivity
Pirum,Rural,Pirum RP-43,Productivity
Pirum,Rural,Pirum RP-44,Productivity
Pirum,Rural,Pirum RP-45,Productivity
Pirum,Rural,Pirum RP-46,Productivity
Pirum,Rural,Pirum RP-47,Productivity
Pirum,Rural,Pirum RP-48,Productivity
Pirum,Rural,Pirum RP-49,Productivity
Pirum,Rural,Pirum RP-50,Productivity
Pirum,Rural,Pirum RP-51,Productivity
Pirum,Rural,Pirum RP-52,Productivity
Pirum,Rural,Pirum RP-53,Productivity
Pirum,Rural,Pirum RP-54,Productivity
Pirum,Rural,Pirum RP-55,Productivity
Pirum,Rural,Pirum RP-56,Productivity
Pirum,Rural,Pirum RP-57,Productivity
Pirum,Rural,Pirum RP-58,Productivity
Pirum,Rural,Pirum RS-01,Select
Pirum,Rural,Pirum RS-02,Select
Pirum,Rural,Pirum RS-03,Select
Pirum,Rural,Pirum RS-04,Select
Pirum,Rural,Pirum RS-05,Select
Pirum,Rural,Pirum RS-06,Select
Pirum,Rural,Pirum RS-07,Select
Pirum,Rural,Pirum RS-08,Select
Pirum,Rural,Pirum RS-09,Select
Pirum,Rural,Pirum RS-10,Select
Pirum,Rural,Pirum RS-11,Select
Pirum,Urban,Pirum UC-01,Convenience
Pirum,Urban,Pirum UC-02,Convenience
Pirum,Urban,Pirum UC-03,Convenience
Pirum,Urban,Pirum UC-04,Convenience
Pirum,Urban,Pirum UC-05,Convenience
Pirum,Urban,Pirum UC-06,Convenience
Pirum,Urban,Pirum UC-07,Convenience
Pirum,Urban,Pirum UC-08,Convenience
Pirum,Urban,Pirum UC-09,Convenience
Pirum,Urban,Pirum UC-10,Convenience
Pirum,Urban,Pirum UC-11,Convenience
Pirum,Urban,Pirum UC-12,Convenience
Pirum,Urban,Pirum UC-13,Convenience
Pirum,Urban,Pirum UC-14,Convenience
Pirum,Urban,Pirum UC-15,Convenience
Pirum,Urban,Pirum UC-16,Convenience
Pirum,Urban,Pirum UC-17,Convenience
Pirum,Urban,Pirum UC-18,Convenience
Pirum,Urban,Pirum UC-19,Convenience
Pirum,Urban,Pirum UC-20,Convenience
Pirum,Urban,Pirum UC-21,Convenience
Pirum,Urban,Pirum UC-22,Convenience
Pirum,Urban,Pirum UC-23,Convenience
Pirum,Urban,Pirum UC-24,Convenience
Pirum,Urban,Pirum UC-25,Convenience
Pirum,Urban,Pirum UC-26,Convenience
Pirum,Urban,Pirum UC-27,Convenience
Pirum,Urban,Pirum UC-28,Convenience
Pirum,Urban,Pirum UC-29,Convenience
Pirum,Urban,Pirum UC-30,Convenience
Pirum,Urban,Pirum UC-31,Convenience
Pirum,Urban,Pirum UC-32,Convenience
Pirum,Urban,Pirum UC-33,Convenience
Pirum,Urban,Pirum UC-34,Convenience
Pirum,Urban,Pirum UE-01,Extreme
Pirum,Urban,Pirum UE-02,Extreme
Pirum,Urban,Pirum UE-03,Extreme
Pirum,Urban,Pirum UE-04,Extreme
Pirum,Urban,Pirum UE-05,Extreme
Pirum,Urban,Pirum UE-06,Extreme
Pirum,Urban,Pirum UE-07,Extreme
Pirum,Urban,Pirum UE-08,Extreme
Pirum,Urban,Pirum UE-09,Extreme
Pirum,Urban,Pirum UE-10,Extreme
Pirum,Urban,Pirum UE-11,Extreme
Pirum,Urban,Pirum UE-12,Extreme
Pirum,Urban,Pirum UE-13,Extreme
Pirum,Urban,Pirum UE-14,Extreme
Pirum,Urban,Pirum UE-15,Extreme
Pirum,Urban,Pirum UE-16,Extreme
Pirum,Urban,Pirum UE-17,Extreme
Pirum,Urban,Pirum UE-18,Extreme
Pirum,Urban,Pirum UE-19,Extreme
Pirum,Urban,Pirum UE-20,Extreme
Pirum,Urban,Pirum UE-21,Extreme
Pirum,Urban,Pirum UE-22,Extreme
Pirum,Urban,Pirum UE-23,Extreme
Pirum,Urban,Pirum UE-24,Extreme
Pirum,Urban,Pirum UE-25,Extreme
Pirum,Urban,Pirum UE-26,Extreme
Pirum,Urban,Pirum UE-27,Extreme
Pirum,Urban,Pirum UE-28,Extreme
Pirum,Urban,Pirum UE-29,Extreme
Pirum,Urban,Pirum UE-30,Extreme
Pirum,Urban,Pirum UE-31,Extreme
Pirum,Urban,Pirum UE-32,Extreme
Pirum,Urban,Pirum UE-33,Extreme
Pirum,Urban,Pirum UE-34,Extreme
Pirum,Urban,Pirum UM-01,Moderation
Pirum,Urban,Pirum UM-02,Moderation
Pirum,Urban,Pirum UM-03,Moderation
Pirum,Urban,Pirum UM-04,Moderation
Pirum,Urban,Pirum UM-05,Moderation
Pirum,Urban,Pirum UM-06,Moderation
Pirum,Urban,Pirum UM-07,Moderation
Pirum,Urban,Pirum UM-08,Moderation
Pirum,Urban,Pirum UM-09,Moderation
Pirum,Urban,Pirum UM-10,Moderation
Pirum,Urban,Pirum UM-11,Moderation
Pirum,Urban,Pirum UM-12,Moderation
Pirum,Urban,Pirum UM-13,Moderation
Pirum,Urban,Pirum UM-14,Moderation
Pirum,Urban,Pirum UM-15,Moderation
Pirum,Urban,Pirum UM-16,Moderation
Pirum,Urban,Pirum UM-17,Moderation
Pirum,Urban,Pirum UM-18,Moderation
Pirum,Urban,Pirum UM-19,Moderation
Pirum,Urban,Pirum UM-20,Moderation
Pirum,Urban,Pirum UR-01,Regular
Pirum,Urban,Pirum UR-02,Regular
Pirum,Urban,Pirum UR-03,Regular
Pirum,Urban,Pirum UR-04,Regular
Pirum,Urban,Pirum UR-05,Regular
Pirum,Urban,Pirum UR-06,Regular
Pirum,Urban,Pirum UR-07,Regular
Pirum,Urban,Pirum UR-08,Regular
Pirum,Urban,Pirum UR-09,Regular
Pirum,Urban,Pirum UR-10,Regular
Pirum,Urban,Pirum UR-11,Regular
Pirum,Urban,Pirum UR-12,Regular
Pirum,Urban,Pirum UR-13,Regular
Pirum,Urban,Pirum UR-14,Regular
Pirum,Urban,Pirum UR-15,Regular
Pirum,Urban,Pirum UR-16,Regular
Pirum,Urban,Pirum UR-17,Regular
Pirum,Urban,Pirum UR-18,Regular
Pirum,Urban,Pirum UR-19,Regular
Pirum,Urban,Pirum UR-20,Regular
Pirum,Urban,Pirum UR-21,Regular
Pomum,Mix,Pomum MA-01,All Season
Pomum,Mix,Pomum MA-02,All Season
Pomum,Mix,Pomum MA-03,All Season
Pomum,Mix,Pomum MA-04,All Season
Pomum,Mix,Pomum MA-05,All Season
Pomum,Mix,Pomum MA-06,All Season
Pomum,Rural,Pomum RP-01,Productivity
Pomum,Rural,Pomum RP-02,Productivity
Pomum,Rural,Pomum RP-03,Productivity
Pomum,Rural,Pomum RP-04,Productivity
Pomum,Rural,Pomum RP-05,Productivity
Pomum,Rural,Pomum RP-06,Productivity
Pomum,Rural,Pomum RP-07,Productivity
Pomum,Rural,Pomum RP-08,Productivity
Pomum,Rural,Pomum RP-09,Productivity
Pomum,Rural,Pomum RP-10,Productivity
Pomum,Rural,Pomum RP-11,Productivity
Pomum,Rural,Pomum RP-12,Productivity
Pomum,Rural,Pomum RP-13,Productivity
Pomum,Rural,Pomum RP-14,Productivity
Pomum,Rural,Pomum RS-01,Select
Pomum,Rural,Pomum RS-02,Select
Pomum,Rural,Pomum RS-03,Select
Pomum,Urban,Pomum UC-01,Convenience
Pomum,Urban,Pomum UC-02,Convenience
Pomum,Urban,Pomum UC-03,Convenience
Pomum,Urban,Pomum UC-04,Convenience
Pomum,Urban,Pomum UC-05,Convenience
Pomum,Urban,Pomum UC-06,Convenience
Pomum,Urban,Pomum UC-07,Convenience
Pomum,Urban,Pomum UC-08,Convenience
Pomum,Urban,Pomum UC-09,Convenience
Pomum,Urban,Pomum UC-10,Convenience
Pomum,Urban,Pomum UC-11,Convenience
Pomum,Urban,Pomum UE-01,Extreme
Pomum,Urban,Pomum UE-02,Extreme
Pomum,Urban,Pomum UE-03,Extreme
Pomum,Urban,Pomum UE-04,Extreme
Pomum,Urban,Pomum UE-05,Extreme
Pomum,Urban,Pomum UE-06,Extreme
Pomum,Urban,Pomum UE-07,Extreme
Pomum,Urban,Pomum UE-08,Extreme
Pomum,Urban,Pomum UE-09,Extreme
Pomum,Urban,Pomum UE-10,Extreme
Pomum,Urban,Pomum UE-11,Extreme
Pomum,Urban,Pomum UE-12,Extreme
Pomum,Urban,Pomum UE-13,Extreme
Pomum,Urban,Pomum UE-14,Extreme
Pomum,Urban,Pomum UE-15,Extreme
Pomum,Urban,Pomum UE-16,Extreme
Pomum,Urban,Pomum UE-17,Extreme
Pomum,Urban,Pomum UE-18,Extreme
Pomum,Urban,Pomum UE-19,Extreme
Pomum,Urban,Pomum UE-20,Extreme
Pomum,Urban,Pomum UE-21,Extreme
Pomum,Urban,Pomum UE-22,Extreme
Pomum,Urban,Pomum UE-23,Extreme
Pomum,Urban,Pomum UE-24,Extreme
Pomum,Urban,Pomum UE-25,Extreme
Pomum,Urban,Pomum UE-26,Extreme
Pomum,Urban,Pomum UE-27,Extreme
Pomum,Urban,Pomum UE-28,Extreme
Pomum,Urban,Pomum UE-29,Extreme
Pomum,Urban,Pomum UM-01,Moderation
Pomum,Urban,Pomum UM-02,Moderation
Pomum,Urban,Pomum UM-03,Moderation
Pomum,Urban,Pomum UM-04,Moderation
Pomum,Urban,Pomum UM-05,Moderation
Pomum,Urban,Pomum UM-06,Moderation
Pomum,Urban,Pomum UR-01,Regular
Pomum,Urban,Pomum UR-02,Regular
Pomum,Urban,Pomum UR-03,Regular
Pomum,Urban,Pomum UR-04,Regular
Pomum,Urban,Pomum UR-05,Regular
Pomum,Urban,Pomum UR-06,Regular
Pomum,Urban,Pomum UR-07,Regular
Pomum,Urban,Pomum UR-08,Regular
Pomum,Urban,Pomum UR-09,Regular
Pomum,Urban,Pomum UR-10,Regular
Pomum,Urban,Pomum UR-11,Regular
Pomum,Youth,Pomum YY-01,Youth
Pomum,Youth,Pomum YY-02,Youth
Pomum,Youth,Pomum YY-03,Youth
Pomum,Youth,Pomum YY-04,Youth
Pomum,Youth,Pomum YY-05,Youth
Pomum,Youth,Pomum YY-06,Youth
Pomum,Youth,Pomum YY-07,Youth
Pomum,Youth,Pomum YY-08,Youth
Pomum,Youth,Pomum YY-09,Youth
Pomum,Youth,Pomum YY-10,Youth
Pomum,Youth,Pomum YY-11,Youth
Pomum,Youth,Pomum YY-12,Youth
Pomum,Youth,Pomum YY-13,Youth
Pomum,Youth,Pomum YY-14,Youth
Pomum,Youth,Pomum YY-15,Youth
Pomum,Youth,Pomum YY-16,Youth
Pomum,Youth,Pomum YY-17,Youth
Pomum,Youth,Pomum YY-18,Youth
Pomum,Youth,Pomum YY-19,Youth
Pomum,Youth,Pomum YY-20,Youth
Pomum,Youth,Pomum YY-21,Youth
Pomum,Youth,Pomum YY-22,Youth
Pomum,Youth,Pomum YY-23,Youth
Pomum,Youth,Pomum YY-24,Youth
Pomum,Youth,Pomum YY-25,Youth
Pomum,Youth,Pomum YY-26,Youth
Pomum,Youth,Pomum YY-27,Youth
Pomum,Youth,Pomum YY-28,Youth
Pomum,Youth,Pomum YY-29,Youth
Pomum,Youth,Pomum YY-30,Youth
Pomum,Youth,Pomum YY-31,Youth
Pomum,Youth,Pomum YY-32,Youth
Pomum,Youth,Pomum YY-33,Youth
Pomum,Youth,Pomum YY-34,Youth
Pomum,Youth,Pomum YY-35,Youth
Pomum,Youth,Pomum YY-36,Youth
Pomum,Youth,Pomum YY-37,Youth
Pomum,Youth,Pomum YY-38,Youth
Pomum,Youth,Pomum YY-39,Youth
Pomum,Youth,Pomum YY-40,Youth
Pomum,Youth,Pomum YY-41,Youth
Pomum,Youth,Pomum YY-42,Youth
Pomum,Youth,Pomum YY-43,Youth
Pomum,Youth,Pomum YY-44,Youth
Pomum,Youth,Pomum YY-45,Youth
Pomum,Youth,Pomum YY-46,Youth
Pomum,Youth,Pomum YY-47,Youth
Pomum,Youth,Pomum YY-48,Youth
Pomum,Youth,Pomum YY-49,Youth
Pomum,Youth,Pomum YY-50,Youth
Pomum,Youth,Pomum YY-51,Youth
Pomum,Youth,Pomum YY-52,Youth
Pomum,Youth,Pomum YY-53,Youth
Pomum,Youth,Pomum YY-54,Youth
Pomum,Youth,Pomum YY-55,Youth
Pomum,Youth,Pomum YY-56,Youth
Pomum,Youth,Pomum YY-57,Youth
Quibus,Mix,Quibus MA-01,All Season
Quibus,Mix,Quibus MA-02,All Season
Quibus,Mix,Quibus MA-03,All Season
Quibus,Mix,Quibus MA-04,All Season
Quibus,Mix,Quibus MA-05,All Season
Quibus,Mix,Quibus MA-06,All Season
Quibus,Mix,Quibus MA-07,All Season
Quibus,Mix,Quibus MA-08,All Season
Quibus,Mix,Quibus MA-09,All Season
Quibus,Mix,Quibus MA-10,All Season
Quibus,Mix,Quibus MA-11,All Season
Quibus,Mix,Quibus MA-12,All Season
Quibus,Mix,Quibus MA-13,All Season
Quibus,Mix,Quibus MA-14,All Season
Quibus,Mix,Quibus MA-15,All Season
Quibus,Mix,Quibus MA-16,All Season
Quibus,Mix,Quibus MA-17,All Season
Quibus,Mix,Quibus MA-18,All Season
Quibus,Mix,Quibus MA-19,All Season
Quibus,Mix,Quibus MA-20,All Season
Quibus,Mix,Quibus MA-21,All Season
Quibus,Mix,Quibus MA-22,All Season
Quibus,Mix,Quibus MA-23,All Season
Quibus,Mix,Quibus MA-24,All Season
Quibus,Mix,Quibus MA-25,All Season
Quibus,Mix,Quibus MA-26,All Season
Quibus,Mix,Quibus MA-27,All Season
Quibus,Mix,Quibus MA-28,All Season
Quibus,Mix,Quibus MA-29,All Season
Quibus,Mix,Quibus MA-30,All Season
Quibus,Mix,Quibus MA-31,All Season
Quibus,Mix,Quibus MA-32,All Season
Quibus,Mix,Quibus MA-33,All Season
Quibus,Mix,Quibus MA-34,All Season
Quibus,Mix,Quibus MA-35,All Season
Quibus,Mix,Quibus MA-36,All Season
Quibus,Mix,Quibus MA-37,All Season
Quibus,Mix,Quibus MA-38,All Season
Quibus,Mix,Quibus MA-39,All Season
Quibus,Mix,Quibus MA-40,All Season
Quibus,Mix,Quibus MA-41,All Season
Quibus,Mix,Quibus MA-42,All Season
Quibus,Mix,Quibus MA-43,All Season
Quibus,Mix,Quibus MA-44,All Season
Quibus,Mix,Quibus MP-01,Productivity
Quibus,Mix,Quibus MP-02,Productivity
Quibus,Mix,Quibus MP-03,Productivity
Quibus,Mix,Quibus MP-04,Productivity
Quibus,Mix,Quibus MP-05,Productivity
Quibus,Mix,Quibus MP-06,Productivity
Quibus,Mix,Quibus MP-07,Productivity
Quibus,Mix,Quibus MP-08,Productivity
Quibus,Mix,Quibus MP-09,Productivity
Quibus,Mix,Quibus MP-10,Productivity
Quibus,Mix,Quibus MP-11,Productivity
Quibus,Mix,Quibus MP-12,Productivity
Quibus,Mix,Quibus MP-13,Productivity
Quibus,Mix,Quibus MP-14,Productivity
Quibus,Mix,Quibus MP-15,Productivity
Quibus,Mix,Quibus MP-16,Productivity
Quibus,Mix,Quibus MP-17,Productivity
Quibus,Mix,Quibus MP-18,Productivity
Quibus,Mix,Quibus MP-19,Productivity
Quibus,Mix,Quibus MP-20,Productivity
Quibus,Mix,Quibus MP-21,Productivity
Quibus,Mix,Quibus MP-22,Productivity
Quibus,Mix,Quibus MP-23,Productivity
Quibus,Mix,Quibus MP-24,Productivity
Quibus,Mix,Quibus MP-25,Productivity
Quibus,Mix,Quibus MP-26,Productivity
Quibus,Mix,Quibus MP-27,Productivity
Quibus,Mix,Quibus MP-28,Productivity
Quibus,Mix,Quibus MP-29,Productivity
Quibus,Mix,Quibus MP-30,Productivity
Quibus,Mix,Quibus MP-31,Productivity
Quibus,Mix,Quibus MP-32,Productivity
Quibus,Rural,Quibus RP-00,Productivity
Quibus,Rural,Quibus RP-01,Productivity
Quibus,Rural,Quibus RP-02,Productivity
Quibus,Rural,Quibus RP-03,Productivity
Quibus,Rural,Quibus RP-04,Productivity
Quibus,Rural,Quibus RP-05,Productivity
Quibus,Rural,Quibus RP-06,Productivity
Quibus,Rural,Quibus RP-07,Productivity
Quibus,Rural,Quibus RP-08,Productivity
Quibus,Rural,Quibus RP-09,Productivity
Quibus,Rural,Quibus RP-10,Productivity
Quibus,Rural,Quibus RP-11,Productivity
Quibus,Rural,Quibus RP-12,Productivity
Quibus,Rural,Quibus RP-13,Productivity
Quibus,Rural,Quibus RP-14,Productivity
Quibus,Rural,Quibus RP-15,Productivity
Quibus,Rural,Quibus RP-16,Productivity
Quibus,Rural,Quibus RP-17,Productivity
Quibus,Rural,Quibus RP-18,Productivity
Quibus,Rural,Quibus RP-19,Productivity
Quibus,Rural,Quibus RP-20,Productivity
Quibus,Rural,Quibus RP-21,Productivity
Quibus,Rural,Quibus RP-22,Productivity
Quibus,Rural,Quibus RP-23,Productivity
Quibus,Rural,Quibus RP-24,Productivity
Quibus,Rural,Quibus RP-25,Productivity
Quibus,Rural,Quibus RP-26,Productivity
Quibus,Rural,Quibus RP-27,Productivity
Quibus,Rural,Quibus RP-28,Productivity
Quibus,Rural,Quibus RP-29,Productivity
Quibus,Rural,Quibus RP-30,Productivity
Quibus,Rural,Quibus RP-31,Productivity
Quibus,Rural,Quibus RP-32,Productivity
Quibus,Rural,Quibus RP-33,Productivity
Quibus,Rural,Quibus RP-34,Productivity
Quibus,Rural,Quibus RP-35,Productivity
Quibus,Rural,Quibus RP-36,Productivity
Quibus,Rural,Quibus RP-37,Productivity
Quibus,Rural,Quibus RP-38,Productivity
Quibus,Rural,Quibus RP-39,Productivity
Quibus,Rural,Quibus RP-40,Productivity
Quibus,Rural,Quibus RP-41,Productivity
Quibus,Rural,Quibus RP-42,Productivity
Quibus,Rural,Quibus RP-43,Productivity
Quibus,Rural,Quibus RP-44,Productivity
Quibus,Rural,Quibus RP-45,Productivity
Quibus,Rural,Quibus RP-46,Productivity
Quibus,Rural,Quibus RP-47,Productivity
Quibus,Rural,Quibus RP-48,Productivity
Quibus,Rural,Quibus RP-49,Productivity
Quibus,Rural,Quibus RP-50,Productivity
Quibus,Rural,Quibus RP-51,Productivity
Quibus,Rural,Quibus RP-52,Productivity
Quibus,Rural,Quibus RP-53,Productivity
Quibus,Rural,Quibus RP-54,Productivity
Quibus,Rural,Quibus RP-55,Productivity
Quibus,Rural,Quibus RP-56,Productivity
Quibus,Rural,Quibus RP-57,Productivity
Quibus,Rural,Quibus RP-58,Productivity
Quibus,Rural,Quibus RP-59,Productivity
Quibus,Rural,Quibus RP-60,Productivity
Quibus,Rural,Quibus RP-61,Productivity
Quibus,Rural,Quibus RP-62,Productivity
Quibus,Rural,Quibus RP-63,Productivity
Quibus,Rural,Quibus RP-64,Productivity
Quibus,Rural,Quibus RP-65,Productivity
Quibus,Rural,Quibus RP-66,Productivity
Quibus,Rural,Quibus RP-67,Productivity
Quibus,Rural,Quibus RP-68,Productivity
Quibus,Rural,Quibus RP-69,Productivity
Quibus,Rural,Quibus RP-70,Productivity
Quibus,Rural,Quibus RP-71,Productivity
Quibus,Rural,Quibus RP-72,Productivity
Quibus,Rural,Quibus RP-73,Productivity
Quibus,Rural,Quibus RP-74,Productivity
Quibus,Rural,Quibus RP-75,Productivity
Quibus,Rural,Quibus RP-76,Productivity
Quibus,Rural,Quibus RP-77,Productivity
Quibus,Rural,Quibus RP-78,Productivity
Quibus,Rural,Quibus RP-79,Productivity
Quibus,Rural,Quibus RP-80,Productivity
Quibus,Rural,Quibus RP-81,Productivity
Quibus,Rural,Quibus RP-82,Productivity
Quibus,Rural,Quibus RP-83,Productivity
Quibus,Rural,Quibus RP-84,Productivity
Quibus,Rural,Quibus RP-85,Productivity
Quibus,Rural,Quibus RP-86,Productivity
Quibus,Rural,Quibus RP-87,Productivity
Quibus,Rural,Quibus RP-88,Productivity
Quibus,Rural,Quibus RP-89,Productivity
Quibus,Rural,Quibus RP-90,Productivity
Quibus,Rural,Quibus RP-91,Productivity
Quibus,Rural,Quibus RP-92,Productivity
Quibus,Rural,Quibus RP-93,Productivity
Quibus,Rural,Quibus RP-94,Productivity
Quibus,Rural,Quibus RP-95,Productivity
Quibus,Rural,Quibus RP-96,Productivity
Quibus,Rural,Quibus RP-97,Productivity
Quibus,Rural,Quibus RP-98,Productivity
Quibus,Rural,Quibus RP-99,Productivity
Quibus,Rural,Quibus RS-00,Select
Quibus,Rural,Quibus RS-01,Select
Quibus,Rural,Quibus RS-02,Select
Quibus,Rural,Quibus RS-03,Select
Quibus,Rural,Quibus RS-04,Select
Quibus,Rural,Quibus RS-05,Select
Quibus,Rural,Quibus RS-06,Select
Quibus,Rural,Quibus RS-07,Select
Quibus,Rural,Quibus RS-08,Select
Quibus,Rural,Quibus RS-09,Select
Quibus,Rural,Quibus RS-10,Select
Quibus,Rural,Quibus RS-11,Select
Quibus,Rural,Quibus RS-12,Select
Quibus,Rural,Quibus RS-13,Select
Quibus,Rural,Quibus RS-14,Select
Quibus,Rural,Quibus RS-15,Select
Quibus,Rural,Quibus RS-16,Select
Quibus,Rural,Quibus RS-17,Select
Quibus,Rural,Quibus RS-18,Select
Quibus,Rural,Quibus RS-19,Select
Quibus,Rural,Quibus RS-20,Select
Quibus,Rural,Quibus RS-21,Select
Quibus,Rural,Quibus RS-22,Select
Quibus,Rural,Quibus RS-23,Select
Quibus,Rural,Quibus RS-24,Select
Quibus,Rural,Quibus RS-25,Select
Quibus,Rural,Quibus RS-26,Select
Quibus,Rural,Quibus RS-27,Select
Quibus,Rural,Quibus RS-28,Select
Quibus,Rural,Quibus RS-29,Select
Quibus,Rural,Quibus RS-30,Select
Quibus,Rural,Quibus RS-31,Select
Quibus,Rural,Quibus RS-32,Select
Quibus,Rural,Quibus RS-33,Select
Quibus,Rural,Quibus RS-34,Select
Quibus,Rural,Quibus RS-35,Select
Quibus,Rural,Quibus RS-36,Select
Quibus,Rural,Quibus RS-37,Select
Quibus,Rural,Quibus RS-38,Select
Quibus,Rural,Quibus RS-39,Select
Quibus,Rural,Quibus RS-40,Select
Quibus,Rural,Quibus RS-41,Select
Quibus,Rural,Quibus RS-42,Select
Quibus,Rural,Quibus RS-43,Select
Quibus,Rural,Quibus RS-44,Select
Quibus,Rural,Quibus RS-45,Select
Quibus,Rural,Quibus RS-46,Select
Quibus,Rural,Quibus RS-47,Select
Quibus,Rural,Quibus RS-48,Select
Quibus,Rural,Quibus RS-49,Select
Quibus,Rural,Quibus RS-50,Select
Quibus,Rural,Quibus RS-51,Select
Quibus,Rural,Quibus RS-52,Select
Quibus,Rural,Quibus RS-53,Select
Quibus,Rural,Quibus RS-54,Select
Quibus,Rural,Quibus RS-55,Select
Quibus,Rural,Quibus RS-56,Select
Quibus,Rural,Quibus RS-57,Select
Quibus,Rural,Quibus RS-58,Select
Quibus,Rural,Quibus RS-59,Select
Quibus,Rural,Quibus RS-60,Select
Quibus,Rural,Quibus RS-61,Select
Quibus,Rural,Quibus RS-62,Select
Quibus,Rural,Quibus RS-63,Select
Quibus,Rural,Quibus RS-64,Select
Quibus,Rural,Quibus RS-65,Select
Quibus,Rural,Quibus RS-66,Select
Quibus,Rural,Quibus RS-67,Select
Quibus,Rural,Quibus RS-68,Select
Quibus,Rural,Quibus RS-69,Select
Quibus,Rural,Quibus RS-70,Select
Quibus,Rural,Quibus RS-71,Select
Quibus,Rural,Quibus RS-72,Select
Quibus,Rural,Quibus RS-73,Select
Quibus,Rural,Quibus RS-74,Select
Quibus,Rural,Quibus RS-75,Select
Quibus,Rural,Quibus RS-76,Select
Quibus,Rural,Quibus RS-77,Select
Quibus,Rural,Quibus RS-78,Select
Quibus,Rural,Quibus RS-79,Select
Quibus,Rural,Quibus RS-80,Select
Quibus,Rural,Quibus RS-81,Select
Quibus,Rural,Quibus RS-82,Select
Quibus,Rural,Quibus RS-83,Select
Quibus,Rural,Quibus RS-84,Select
Quibus,Rural,Quibus RS-85,Select
Quibus,Rural,Quibus RS-86,Select
Quibus,Rural,Quibus RS-87,Select
Quibus,Rural,Quibus RS-88,Select
Quibus,Rural,Quibus RS-89,Select
Quibus,Rural,Quibus RS-90,Select
Quibus,Rural,Quibus RS-91,Select
Quibus,Rural,Quibus RS-92,Select
Quibus,Rural,Quibus RS-93,Select
Quibus,Rural,Quibus RS-94,Select
Quibus,Rural,Quibus RS-95,Select
Quibus,Rural,Quibus RS-96,Select
Quibus,Rural,Quibus RS-97,Select
Quibus,Rural,Quibus RS-98,Select
Quibus,Rural,Quibus RS-99,Select
Quibus,Urban,Quibus UE-01,Extreme
Quibus,Urban,Quibus UE-02,Extreme
Quibus,Urban,Quibus UE-03,Extreme
Quibus,Urban,Quibus UE-04,Extreme
Quibus,Urban,Quibus UE-05,Extreme
Quibus,Urban,Quibus UE-06,Extreme
Quibus,Urban,Quibus UE-07,Extreme
Quibus,Urban,Quibus UE-08,Extreme
Quibus,Urban,Quibus UE-09,Extreme
Quibus,Urban,Quibus UE-10,Extreme
Quibus,Urban,Quibus UE-11,Extreme
Quibus,Urban,Quibus UE-12,Extreme
Quibus,Urban,Quibus UE-13,Extreme
Quibus,Urban,Quibus UE-14,Extreme
Quibus,Urban,Quibus UE-15,Extreme
Quibus,Urban,Quibus UE-16,Extreme
Quibus,Urban,Quibus UE-17,Extreme
Quibus,Urban,Quibus UR-01,Regular
Quibus,Urban,Quibus UR-02,Regular
Quibus,Urban,Quibus UR-03,Regular
Salvus,Urban,Salvus UC-01,Convenience
Salvus,Urban,Salvus UE-01,Extreme
Salvus,Youth,Salvus YY-01,Youth
Salvus,Youth,Salvus YY-02,Youth
Salvus,Youth,Salvus YY-03,Youth
Salvus,Youth,Salvus YY-04,Youth
Salvus,Youth,Salvus YY-05,Youth
Salvus,Youth,Salvus YY-06,Youth
Salvus,Youth,Salvus YY-07,Youth
Salvus,Youth,Salvus YY-08,Youth
Salvus,Youth,Salvus YY-09,Youth
Salvus,Youth,Salvus YY-10,Youth
Salvus,Youth,Salvus YY-11,Youth
Salvus,Youth,Salvus YY-12,Youth
Salvus,Youth,Salvus YY-13,Youth
Salvus,Youth,Salvus YY-14,Youth
Salvus,Youth,Salvus YY-15,Youth
Salvus,Youth,Salvus YY-16,Youth
Salvus,Youth,Salvus YY-17,Youth
Salvus,Youth,Salvus YY-18,Youth
Salvus,Youth,Salvus YY-19,Youth
Salvus,Youth,Salvus YY-20,Youth
Salvus,Youth,Salvus YY-21,Youth
Salvus,Youth,Salvus YY-22,Youth
Salvus,Youth,Salvus YY-23,Youth
Salvus,Youth,Salvus YY-24,Youth
Salvus,Youth,Salvus YY-25,Youth
Salvus,Youth,Salvus YY-26,Youth
Salvus,Youth,Salvus YY-27,Youth
Salvus,Youth,Salvus YY-28,Youth
Salvus,Youth,Salvus YY-29,Youth
Salvus,Youth,Salvus YY-30,Youth
Salvus,Youth,Salvus YY-31,Youth
Salvus,Youth,Salvus YY-32,Youth
Salvus,Youth,Salvus YY-33,Youth
Salvus,Youth,Salvus YY-34,Youth
Salvus,Youth,Salvus YY-35,Youth
Salvus,Youth,Salvus YY-36,Youth
VanArsdel,Rural,Maximus RP-01,Productivity
VanArsdel,Rural,Maximus RP-02,Productivity
VanArsdel,Rural,Maximus RS-01,Select
VanArsdel,Rural,Maximus RS-02,Select
VanArsdel,Urban,Maximus UC-00,Convenience
VanArsdel,Urban,Maximus UC-01,Convenience
VanArsdel,Urban,Maximus UC-02,Convenience
VanArsdel,Urban,Maximus UC-03,Convenience
VanArsdel,Urban,Maximus UC-04,Convenience
VanArsdel,Urban,Maximus UC-05,Convenience
VanArsdel,Urban,Maximus UC-06,Convenience
VanArsdel,Urban,Maximus UC-07,Convenience
VanArsdel,Urban,Maximus UC-08,Convenience
VanArsdel,Urban,Maximus UC-09,Convenience
VanArsdel,Urban,Maximus UC-10,Convenience
VanArsdel,Urban,Maximus UC-11,Convenience
VanArsdel,Urban,Maximus UC-12,Convenience
VanArsdel,Urban,Maximus UC-13,Convenience
VanArsdel,Urban,Maximus UC-14,Convenience
VanArsdel,Urban,Maximus UC-15,Convenience
VanArsdel,Urban,Maximus UC-16,Convenience
VanArsdel,Urban,Maximus UC-17,Convenience
VanArsdel,Urban,Maximus UC-18,Convenience
VanArsdel,Urban,Maximus UC-19,Convenience
VanArsdel,Urban,Maximus UC-20,Convenience
VanArsdel,Urban,Maximus UC-21,Convenience
VanArsdel,Urban,Maximus UC-22,Convenience
VanArsdel,Urban,Maximus UC-23,Convenience
VanArsdel,Urban,Maximus UC-24,Convenience
VanArsdel,Urban,Maximus UC-25,Convenience
VanArsdel,Urban,Maximus UC-26,Convenience
VanArsdel,Urban,Maximus UC-27,Convenience
VanArsdel,Urban,Maximus UC-28,Convenience
VanArsdel,Urban,Maximus UC-29,Convenience
VanArsdel,Urban,Maximus UC-30,Convenience
VanArsdel,Urban,Maximus UC-31,Convenience
VanArsdel,Urban,Maximus UC-32,Convenience
VanArsdel,Urban,Maximus UC-33,Convenience
VanArsdel,Urban,Maximus UC-34,Convenience
VanArsdel,Urban,Maximus UC-35,Convenience
VanArsdel,Urban,Maximus UC-36,Convenience
VanArsdel,Urban,Maximus UC-37,Convenience
VanArsdel,Urban,Maximus UC-38,Convenience
VanArsdel,Urban,Maximus UC-39,Convenience
VanArsdel,Urban,Maximus UC-40,Convenience
VanArsdel,Urban,Maximus UC-41,Convenience
VanArsdel,Urban,Maximus UC-42,Convenience
VanArsdel,Urban,Maximus UC-43,Convenience
VanArsdel,Urban,Maximus UC-44,Convenience
VanArsdel,Urban,Maximus UC-45,Convenience
VanArsdel,Urban,Maximus UC-46,Convenience
VanArsdel,Urban,Maximus UC-47,Convenience
VanArsdel,Urban,Maximus UC-48,Convenience
VanArsdel,Urban,Maximus UC-49,Convenience
VanArsdel,Urban,Maximus UC-50,Convenience
VanArsdel,Urban,Maximus UC-51,Convenience
VanArsdel,Urban,Maximus UC-52,Convenience
VanArsdel,Urban,Maximus UC-53,Convenience
VanArsdel,Urban,Maximus UC-54,Convenience
VanArsdel,Urban,Maximus UC-55,Convenience
VanArsdel,Urban,Maximus UC-56,Convenience
VanArsdel,Urban,Maximus UC-57,Convenience
VanArsdel,Urban,Maximus UC-58,Convenience
VanArsdel,Urban,Maximus UC-59,Convenience
VanArsdel,Urban,Maximus UC-60,Convenience
VanArsdel,Urban,Maximus UC-61,Convenience
VanArsdel,Urban,Maximus UC-62,Convenience
VanArsdel,Urban,Maximus UC-63,Convenience
VanArsdel,Urban,Maximus UC-64,Convenience
VanArsdel,Urban,Maximus UC-65,Convenience
VanArsdel,Urban,Maximus UC-66,Convenience
VanArsdel,Urban,Maximus UC-67,Convenience
VanArsdel,Urban,Maximus UC-68,Convenience
VanArsdel,Urban,Maximus UC-69,Convenience
VanArsdel,Urban,Maximus UC-70,Convenience
VanArsdel,Urban,Maximus UC-71,Convenience
VanArsdel,Urban,Maximus UC-72,Convenience
VanArsdel,Urban,Maximus UC-73,Convenience
VanArsdel,Urban,Maximus UC-74,Convenience
VanArsdel,Urban,Maximus UC-75,Convenience
VanArsdel,Urban,Maximus UC-76,Convenience
VanArsdel,Urban,Maximus UC-77,Convenience
VanArsdel,Urban,Maximus UC-78,Convenience
VanArsdel,Urban,Maximus UC-79,Convenience
VanArsdel,Urban,Maximus UC-80,Convenience
VanArsdel,Urban,Maximus UC-81,Convenience
VanArsdel,Urban,Maximus UC-82,Convenience
VanArsdel,Urban,Maximus UC-83,Convenience
VanArsdel,Urban,Maximus UC-84,Convenience
VanArsdel,Urban,Maximus UC-85,Convenience
VanArsdel,Urban,Maximus UC-86,Convenience
VanArsdel,Urban,Maximus UC-87,Convenience
VanArsdel,Urban,Maximus UC-88,Convenience
VanArsdel,Urban,Maximus UC-89,Convenience
VanArsdel,Urban,Maximus UC-90,Convenience
VanArsdel,Urban,Maximus UC-91,Convenience
VanArsdel,Urban,Maximus UC-92,Convenience
VanArsdel,Urban,Maximus UC-93,Convenience
VanArsdel,Urban,Maximus UC-94,Convenience
VanArsdel,Urban,Maximus UC-95,Convenience
VanArsdel,Urban,Maximus UC-96,Convenience
VanArsdel,Urban,Maximus UC-97,Convenience
VanArsdel,Urban,Maximus UC-98,Convenience
VanArsdel,Urban,Maximus UC-99,Convenience
VanArsdel,Urban,Maximus UE-01,Extreme
VanArsdel,Urban,Maximus UE-02,Extreme
VanArsdel,Urban,Maximus UE-03,Extreme
VanArsdel,Urban,Maximus UE-04,Extreme
VanArsdel,Urban,Maximus UE-05,Extreme
VanArsdel,Urban,Maximus UE-06,Extreme
VanArsdel,Urban,Maximus UE-07,Extreme
VanArsdel,Urban,Maximus UE-08,Extreme
VanArsdel,Urban,Maximus UE-09,Extreme
VanArsdel,Urban,Maximus UE-10,Extreme
VanArsdel,Urban,Maximus UE-11,Extreme
VanArsdel,Urban,Maximus UE-12,Extreme
VanArsdel,Urban,Maximus UE-13,Extreme
VanArsdel,Urban,Maximus UE-14,Extreme
VanArsdel,Urban,Maximus UE-15,Extreme
VanArsdel,Urban,Maximus UE-16,Extreme
VanArsdel,Urban,Maximus UE-17,Extreme
VanArsdel,Urban,Maximus UE-18,Extreme
VanArsdel,Urban,Maximus UE-19,Extreme
VanArsdel,Urban,Maximus UE-20,Extreme
VanArsdel,Urban,Maximus UE-21,Extreme
VanArsdel,Urban,Maximus UE-22,Extreme
VanArsdel,Urban,Maximus UE-23,Extreme
VanArsdel,Urban,Maximus UM-00,Moderation
VanArsdel,Urban,Maximus UM-01,Moderation
VanArsdel,Urban,Maximus UM-02,Moderation
VanArsdel,Urban,Maximus UM-03,Moderation
VanArsdel,Urban,Maximus UM-04,Moderation
VanArsdel,Urban,Maximus UM-05,Moderation
VanArsdel,Urban,Maximus UM-06,Moderation
VanArsdel,Urban,Maximus UM-07,Moderation
VanArsdel,Urban,Maximus UM-08,Moderation
VanArsdel,Urban,Maximus UM-09,Moderation
VanArsdel,Urban,Maximus UM-10,Moderation
VanArsdel,Urban,Maximus UM-11,Moderation
VanArsdel,Urban,Maximus UM-12,Moderation
VanArsdel,Urban,Maximus UM-13,Moderation
VanArsdel,Urban,Maximus UM-14,Moderation
VanArsdel,Urban,Maximus UM-15,Moderation
VanArsdel,Urban,Maximus UM-16,Moderation
VanArsdel,Urban,Maximus UM-17,Moderation
VanArsdel,Urban,Maximus UM-18,Moderation
VanArsdel,Urban,Maximus UM-19,Moderation
VanArsdel,Urban,Maximus UM-20,Moderation
VanArsdel,Urban,Maximus UM-21,Moderation
VanArsdel,Urban,Maximus UM-22,Moderation
VanArsdel,Urban,Maximus UM-23,Moderation
VanArsdel,Urban,Maximus UM-24,Moderation
VanArsdel,Urban,Maximus UM-25,Moderation
VanArsdel,Urban,Maximus UM-26,Moderation
VanArsdel,Urban,Maximus UM-27,Moderation
VanArsdel,Urban,Maximus UM-28,Moderation
VanArsdel,Urban,Maximus UM-29,Moderation
VanArsdel,Urban,Maximus UM-30,Moderation
VanArsdel,Urban,Maximus UM-31,Moderation
VanArsdel,Urban,Maximus UM-32,Moderation
VanArsdel,Urban,Maximus UM-33,Moderation
VanArsdel,Urban,Maximus UM-34,Moderation
VanArsdel,Urban,Maximus UM-35,Moderation
VanArsdel,Urban,Maximus UM-36,Moderation
VanArsdel,Urban,Maximus UM-37,Moderation
VanArsdel,Urban,Maximus UM-38,Moderation
VanArsdel,Urban,Maximus UM-39,Moderation
VanArsdel,Urban,Maximus UM-40,Moderation
VanArsdel,Urban,Maximus UM-41,Moderation
VanArsdel,Urban,Maximus UM-42,Moderation
VanArsdel,Urban,Maximus UM-43,Moderation
VanArsdel,Urban,Maximus UM-44,Moderation
VanArsdel,Urban,Maximus UM-45,Moderation
VanArsdel,Urban,Maximus UM-46,Moderation
VanArsdel,Urban,Maximus UM-47,Moderation
VanArsdel,Urban,Maximus UM-48,Moderation
VanArsdel,Urban,Maximus UM-49,Moderation
VanArsdel,Urban,Maximus UM-50,Moderation
VanArsdel,Urban,Maximus UM-51,Moderation
VanArsdel,Urban,Maximus UM-52,Moderation
VanArsdel,Urban,Maximus UM-53,Moderation
VanArsdel,Urban,Maximus UM-54,Moderation
VanArsdel,Urban,Maximus UM-55,Moderation
VanArsdel,Urban,Maximus UM-56,Moderation
VanArsdel,Urban,Maximus UM-57,Moderation
VanArsdel,Urban,Maximus UM-58,Moderation
VanArsdel,Urban,Maximus UM-59,Moderation
VanArsdel,Urban,Maximus UM-60,Moderation
VanArsdel,Urban,Maximus UM-61,Moderation
VanArsdel,Urban,Maximus UM-62,Moderation
VanArsdel,Urban,Maximus UM-63,Moderation
VanArsdel,Urban,Maximus UM-64,Moderation
VanArsdel,Urban,Maximus UM-65,Moderation
VanArsdel,Urban,Maximus UM-66,Moderation
VanArsdel,Urban,Maximus UM-67,Moderation
VanArsdel,Urban,Maximus UM-68,Moderation
VanArsdel,Urban,Maximus UM-69,Moderation
VanArsdel,Urban,Maximus UM-70,Moderation
VanArsdel,Urban,Maximus UM-71,Moderation
VanArsdel,Urban,Maximus UM-72,Moderation
VanArsdel,Urban,Maximus UM-73,Moderation
VanArsdel,Urban,Maximus UM-74,Moderation
VanArsdel,Urban,Maximus UM-75,Moderation
VanArsdel,Urban,Maximus UM-76,Moderation
VanArsdel,Urban,Maximus UM-77,Moderation
VanArsdel,Urban,Maximus UM-78,Moderation
VanArsdel,Urban,Maximus UM-79,Moderation
VanArsdel,Urban,Maximus UM-80,Moderation
VanArsdel,Urban,Maximus UM-81,Moderation
VanArsdel,Urban,Maximus UM-82,Moderation
VanArsdel,Urban,Maximus UM-83,Moderation
VanArsdel,Urban,Maximus UM-84,Moderation
VanArsdel,Urban,Maximus UM-85,Moderation
VanArsdel,Urban,Maximus UM-86,Moderation
VanArsdel,Urban,Maximus UM-87,Moderation
VanArsdel,Urban,Maximus UM-88,Moderation
VanArsdel,Urban,Maximus UM-89,Moderation
VanArsdel,Urban,Maximus UM-90,Moderation
VanArsdel,Urban,Maximus UM-91,Moderation
VanArsdel,Urban,Maximus UM-92,Moderation
VanArsdel,Urban,Maximus UM-93,Moderation
VanArsdel,Urban,Maximus UM-94,Moderation
VanArsdel,Urban,Maximus UM-95,Moderation
VanArsdel,Urban,Maximus UM-96,Moderation
VanArsdel,Urban,Maximus UM-97,Moderation
VanArsdel,Urban,Maximus UM-98,Moderation
VanArsdel,Urban,Maximus UM-99,Moderation
VanArsdel,Urban,Maximus UR-01,Regular
Victoria,Mix,Victoria MA-01,All Season
Victoria,Mix,Victoria MA-02,All Season
Victoria,Mix,Victoria MA-03,All Season
Victoria,Mix,Victoria MA-04,All Season
Victoria,Mix,Victoria MA-05,All Season
Victoria,Mix,Victoria MA-06,All Season
Victoria,Rural,Victoria RP-01,Productivity
Victoria,Rural,Victoria RP-02,Productivity
Victoria,Urban,Victoria UC-01,Convenience
Victoria,Urban,Victoria UC-02,Convenience
Victoria,Urban,Victoria UC-03,Convenience
Victoria,Urban,Victoria UC-04,Convenience
Victoria,Urban,Victoria UC-05,Convenience
Victoria,Urban,Victoria UC-06,Convenience
Victoria,Urban,Victoria UC-07,Convenience
Victoria,Urban,Victoria UC-08,Convenience
Victoria,Urban,Victoria UC-09,Convenience
Victoria,Urban,Victoria UC-10,Convenience
Victoria,Urban,Victoria UC-11,Convenience
Victoria,Urban,Victoria UC-12,Convenience
Victoria,Urban,Victoria UC-13,Convenience
Victoria,Urban,Victoria UC-14,Convenience
Victoria,Urban,Victoria UC-15,Convenience
Victoria,Urban,Victoria UC-16,Convenience
Victoria,Urban,Victoria UE-01,Extreme
Victoria,Urban,Victoria UE-02,Extreme
Victoria,Urban,Victoria UE-03,Extreme
Victoria,Urban,Victoria UE-04,Extreme
Victoria,Urban,Victoria UE-05,Extreme
Victoria,Urban,Victoria UE-06,Extreme
Victoria,Urban,Victoria UE-07,Extreme
Victoria,Urban,Victoria UE-08,Extreme
Victoria,Urban,Victoria UE-09,Extreme
Victoria,Urban,Victoria UE-10,Extreme
Victoria,Urban,Victoria UE-11,Extreme
Victoria,Urban,Victoria UE-12,Extreme
Victoria,Urban,Victoria UE-13,Extreme
Victoria,Urban,Victoria UE-14,Extreme
Victoria,Urban,Victoria UE-15,Extreme
Victoria,Urban,Victoria UE-16,Extreme
Victoria,Urban,Victoria UE-17,Extreme
Victoria,Urban,Victoria UE-18,Extreme
Victoria,Urban,Victoria UE-19,Extreme
Victoria,Urban,Victoria UE-20,Extreme
Victoria,Urban,Victoria UE-21,Extreme
Victoria,Urban,Victoria UE-22,Extreme
Victoria,Urban,Victoria UE-23,Extreme
Victoria,Urban,Victoria UM-01,Moderation
Victoria,Urban,Victoria UM-02,Moderation
Victoria,Urban,Victoria UM-03,Moderation
Victoria,Urban,Victoria UM-04,Moderation
Victoria,Urban,Victoria UM-05,Moderation
Victoria,Urban,Victoria UM-06,Moderation
Victoria,Urban,Victoria UM-07,Moderation
Victoria,Urban,Victoria UM-08,Moderation
Victoria,Urban,Victoria UM-09,Moderation
Victoria,Urban,Victoria UM-10,Moderation
Victoria,Urban,Victoria UM-11,Moderation
Victoria,Urban,Victoria UM-12,Moderation
Victoria,Urban,Victoria UM-13,Moderation
Victoria,Urban,Victoria UM-14,Moderation
Victoria,Urban,Victoria UM-15,Moderation
Victoria,Urban,Victoria UR-01,Regular
Victoria,Urban,Victoria UR-02,Regular
Victoria,Urban,Victoria UR-03,Regular
Victoria,Urban,Victoria UR-04,Regular
Victoria,Urban,Victoria UR-05,Regular
Victoria,Urban,Victoria UR-06,Regular
Victoria,Urban,Victoria UR-07,Regular
Victoria,Urban,Victoria UR-08,Regular
Victoria,Urban,Victoria UR-09,Regular
Victoria,Urban,Victoria UR-10,Regular
Victoria,Urban,Victoria UR-11,Regular
Victoria,Urban,Victoria UR-12,Regular
Victoria,Urban,Victoria UR-13,Regular
Victoria,Urban,Victoria UR-14,Regular
Victoria,Urban,Victoria UR-15,Regular
Victoria,Urban,Victoria UR-16,Regular
Victoria,Urban,Victoria UR-17,Regular
Victoria,Urban,Victoria UR-18,Regular
Victoria,Urban,Victoria UR-19,Regular
Victoria,Urban,Victoria UR-20,Regular
Victoria,Urban,Victoria UR-21,Regular
Victoria,Urban,Victoria UR-22,Regular
Victoria,Urban,Victoria UR-23,Regular